{"stats":{"minecraft:killed":{"minecraft:witch":1,"minecraft:spider":2,"rotted:doctor":5,"rotted:miner":7,"minecraft:skeleton":23,"minecraft:pig":1,"rotted:flusk":2,"minecraft:iron_golem":2,"minecraft:creeper":2,"minecraft:sheep":24,"minecraft:trader_llama":2,"minecraft:pillager":14,"minecraft:donkey":1,"minecraft:zombie":18,"minecraft:mooshroom":13,"minecraft:ghast":5,"minecraft:glow_squid":2,"minecraft:cow":26,"minecraft:evoker":1,"benssharks:basking_shark":1,"minecraft:vindicator":5,"benssharks:axodile":1,"benssharks:bull_shark":1,"minecraft:slime":12,"minecraft:horse":6,"aquatic_frontiers:coralcrab":1,"rotted:adventurer":21,"cobblemon:pokemon":13,"rotted:farmer":6,"minecraft:wandering_trader":1,"minecraft:ravager":1,"rotted:marine":9,"benssharks:tiger_shark":1,"minecraft:villager":1,"minecraft:enderman":1},"minecraft:used":{"minecraft:axolotl_spawn_egg":1,"minecraft:poppy":2,"minecraft:chest":4,"minecraft:white_terracotta":21,"minecraft:iron_sword":230,"minecraft:iron_chestplate":6,"minecraft:soul_sand":1,"minecraft:tuff":7,"minecraft:azure_bluet":1,"minecraft:lava_bucket":12,"webdisplays:server":1,"minecraft:iron_helmet":2,"cobblemon:apricorn_planks":17,"lookinsharp:forging_station":1,"minecraft:stone_bricks":1,"minecraft:magma_block":5,"minecraft:bow":88,"minecraft:hay_block":5,"minecraft:sweet_berries":3,"minecraft:furnace":8,"minecraft:egg":1,"minecraft:diorite":12,"minecraft:cactus":1,"minecraft:oak_planks":74,"minecraft:stone_pickaxe":273,"minecraft:wooden_pickaxe":38,"lookinsharp:iron_spear":5,"minecraft:diamond_axe":149,"minecraft:white_wool":1,"minecraft:sand":1,"minecraft:blast_furnace":1,"cobblemon:yellow_apricorn_seed":1,"minecraft:crossbow":2,"minecraft:shears":67,"waystones:waystone":12,"cobblemon:green_apricorn_seed":2,"cobblemon:apricorn_log":5,"minecraft:melon_slice":1,"minecraft:bread":141,"l2weaponry:iron_round_shield":15,"l2complements:totemic_gold_sword":142,"minecraft:gravel":20,"lookinsharp:stone_greatsword":2,"minecraft:diamond_sword":345,"cobblemon:red_apricorn_seed":16,"minecraft:andesite":45,"minecraft:oak_boat":11,"minecraft:bone_meal":651,"minecraft:flint_and_steel":64,"minecraft:stone_hoe":70,"minecraft:netherrack":72,"minecraft:torch":279,"minecraft:dirt":31,"minecraft:granite":45,"minecraft:wooden_axe":35,"l2weaponry:gold_javelin":1,"minecraft:iron_boots":1,"cobblemon:pink_apricorn_seed":9,"cobblemon:pc":4,"l2weaponry:diamond_dagger":20,"minecraft:light_gray_wool":1,"webdisplays:screencfg":29,"minecraft:cooked_beef":54,"minecraft:cobbled_deepslate":195,"minecraft:iron_leggings":5,"minecraft:calcite":1,"webdisplays:linker":34,"minecraft:wheat_seeds":1,"minecraft:cooked_mutton":8,"minecraft:water_bucket":194,"minecraft:amethyst_block":3,"webdisplays:keyboard":1,"minecraft:stonecutter":1,"minecraft:cobblestone_slab":1,"minecraft:cracked_stone_bricks":2,"minecraft:mossy_cobblestone":1,"minecraft:rail":2,"minecraft:terracotta":1,"minecraft:white_bed":14,"minecraft:oak_slab":28,"cobblemon:black_apricorn_seed":2,"minecraft:crafting_table":30,"cobblemon:white_apricorn_seed":1,"minecraft:fire_coral":1,"cobblemon:healing_machine":12,"cobblemon:apricorn_leaves":66,"minecraft:diamond_pickaxe":1491,"l2weaponry:diamond_javelin":20,"minecraft:sunflower":3,"minecraft:iron_pickaxe":336,"minecraft:spruce_sapling":1,"lookinsharp:diamond_scythe":6,"minecraft:stone_axe":54,"minecraft:cobblestone":354,"cobblemon:fossil_analyzer":2,"minecraft:white_banner":2,"minecraft:bucket":219,"minecraft:yellow_bed":1,"minecraft:dandelion":2,"webdisplays:screen":106},"minecraft:picked_up":{"minecraft:wooden_axe":3,"cobblemon:leaf_stone":1,"minecraft:iron_chestplate":15,"minecraft:wheat":64,"cobblemon:red_apricorn":149,"minecraft:lead":6,"minecraft:diamond_sword":15,"minecraft:golden_sword":1,"minecraft:enchanted_book":4,"webdisplays:craftcomp_stonekey":1,"minecraft:stone_brick_stairs":1,"cobblemon:sharp_beak":1,"minecraft:amethyst_block":4,"minecraft:string":98,"minecraft:soul_soil":2,"minecraft:raw_copper":1007,"minecraft:iron_leggings":8,"l2weaponry:reinforced_handle":2,"minecraft:gold_nugget":9,"minecraft:cobbled_deepslate":470,"minecraft:bucket":1,"cobblemon:white_apricorn_seed":5,"minecraft:red_dye":12,"cobblemon:oran_berry":237,"minecraft:cobblestone_slab":2,"minecraft:calcite":3,"minecraft:wooden_shovel":2,"minecraft:iron_pickaxe":12,"cobblemon:big_root":2,"cobblemon:full_restore":1,"cobblemon:quick_ball":26,"minecraft:melon_slice":5,"minecraft:iron_boots":7,"minecraft:furnace":36,"minecraft:golden_helmet":2,"minecraft:stick":194,"cobblemon:apricorn_log":13,"cobblemon:pc":4,"lookinsharp:diamond_scythe":2,"minecraft:torch":287,"minecraft:porkchop":1,"l2weaponry:diamond_javelin":1,"minecraft:diorite":40,"minecraft:golden_chestplate":4,"minecraft:stone_sword":3,"minecraft:rotten_flesh":98,"minecraft:cactus":34,"minecraft:honey_bottle":5,"minecraft:blue_dye":36,"minecraft:white_terracotta":25,"cobblemon:green_mint_seeds":3,"minecraft:obsidian":4,"minecraft:cobblestone":1414,"minecraft:magma_block":7,"minecraft:feather":11,"minecraft:cooked_beef":135,"minecraft:water_bucket":14,"minecraft:andesite":118,"minecraft:brown_wool":3,"minecraft:golden_leggings":2,"cobblemon:pinap_berry":26,"cobblemon:roseate_ball":260,"minecraft:flint":13,"minecraft:tuff":14,"megamons:mega_cuff":4,"minecraft:lapis_lazuli":259,"megamons:anistarite_geode_block":26,"minecraft:dirt":98,"minecraft:name_tag":3,"cobblemon:light_clay":1,"minecraft:bone":79,"cobblemon:black_apricorn":13,"cobblemon:roasted_leek":2,"minecraft:bow":5,"minecraft:wheat_seeds":47,"minecraft:orange_tulip":6,"minecraft:raw_gold":286,"cobblemon:thunder_stone":2,"minecraft:bamboo":8,"minecraft:rabbit":4,"minecraft:glowstone_dust":75,"cobblemon:moon_stone":2,"minecraft:honeycomb":1,"minecraft:stone_hoe":1,"minecraft:oak_planks":200,"minecraft:ghast_tear":5,"cobblemon:sun_stone":16,"minecraft:music_disc_13":5,"minecraft:cooked_porkchop":4,"minecraft:poisonous_potato":2,"cobblemon:fossil_analyzer":1,"minecraft:sand":57,"cobblemon:persim_berry":25,"minecraft:ink_sac":106,"cobblemon:leppa_berry":2,"minecraft:mossy_cobblestone":1,"megamons:anistarite_rough_geode_block":30,"travelersbackpack:white_sleeping_bag":5,"cobblemon:healing_machine":10,"lookinsharp:stone_greatsword":1,"minecraft:diamond":119,"cobblemon:poke_ball":333,"waystones:waystone":35,"l2weaponry:iron_round_shield":2,"minecraft:crossbow":3,"minecraft:granite":86,"cobblemon:rindo_berry":57,"cobblemon:ice_stone":4,"cobblemon:dream_ball":1,"minecraft:bread":396,"minecraft:emerald":9,"cobblemon:medicinal_leek":9,"minecraft:netherrack":111,"cobblemon:apricorn_leaves":66,"rotted:rotten_brain":11,"minecraft:diamond_pickaxe":13,"cobblemon:green_mint_leaf":1,"minecraft:crafting_table":31,"minecraft:azure_bluet":1,"minecraft:chicken":11,"minecraft:clay_ball":6,"cobblemon:yellow_apricorn":51,"minecraft:brown_mushroom":6,"minecraft:wooden_pickaxe":3,"minecraft:pink_wool":5,"minecraft:stone_brick_wall":1,"minecraft:chain":12,"minecraft:shield":4,"minecraft:fire_coral":1,"cobblemon:revival_herb":7,"minecraft:iron_axe":5,"minecraft:flint_and_steel":2,"cobblemon:white_apricorn":35,"minecraft:glass_pane":48,"minecraft:cracked_stone_bricks":5,"cobblemon:green_apricorn":22,"minecraft:beef":141,"cobblemon:relic_coin":14,"minecraft:oak_boat":21,"minecraft:iron_nugget":2,"minecraft:poppy":12,"minecraft:light_gray_wool":1,"cobblemon:pep_up_flower":2,"webdisplays:craftcomp_backlight":2,"minecraft:sugar_cane":78,"minecraft:chest":3,"cobblemon:green_apricorn_seed":4,"l2weaponry:iron_plate_shield":1,"minecraft:egg":1,"minecraft:raw_iron":642,"minecraft:stone":14,"cobblemon:love_ball":146,"minecraft:copper_ingot":44,"minecraft:bowl":59,"minecraft:carrot":17,"minecraft:redstone":154,"cobblemon:berry_juice":186,"cobblemon:dawn_stone":3,"minecraft:arrow":90,"minecraft:shears":1,"minecraft:hay_block":230,"minecraft:saddle":16,"minecraft:gold_ingot":12,"minecraft:totem_of_undying":3,"cobblemon:air_balloon":1,"cobblemon:blue_apricorn":34,"minecraft:rail":3,"minecraft:mutton":48,"minecraft:white_wool":66,"minecraft:bone_block":99,"l2weaponry:diamond_dagger":2,"lookinsharp:iron_spear":2,"minecraft:air":0,"minecraft:leather":445,"minecraft:red_mushroom":5,"minecraft:ochre_froglight":6,"minecraft:mushroom_stew":1,"cobblemon:slate_ball":15,"minecraft:oak_log":149,"minecraft:yellow_bed":3,"minecraft:gunpowder":28,"minecraft:cobblestone_stairs":2,"cobblemon:heal_ball":2,"cobblemon:pink_apricorn_seed":9,"minecraft:white_banner":2,"minecraft:cooked_mutton":112,"minecraft:stone_bricks":3,"minecraft:kelp":24,"minecraft:rabbit_hide":7,"minecraft:iron_ingot":210,"minecraft:stone_pickaxe":4,"minecraft:stripped_oak_wood":1,"minecraft:soul_sand":12,"minecraft:iron_sword":15,"minecraft:green_dye":38,"cobblemon:red_apricorn_seed":16,"minecraft:oak_slab":2,"minecraft:smooth_basalt":2,"minecraft:pumpkin":2,"minecraft:sweet_berries":3,"cobblemon:payapa_berry":1,"cobblemon:black_apricorn_seed":6,"minecraft:dandelion":12,"minecraft:gravel":68,"webdisplays:screencfg":2,"cobblemon:cheri_berry":129,"webdisplays:upgrade_lasermouse":15,"cobblemon:yellow_apricorn_seed":1,"minecraft:amethyst_shard":29,"minecraft:spruce_sapling":3,"cobblemon:pink_apricorn":121,"minecraft:white_bed":23,"l2complements:totemic_gold_sword":2,"minecraft:slime_ball":56,"minecraft:stone_axe":10,"webdisplays:linker":2,"webdisplays:laserpointer":2,"minecraft:iron_helmet":7,"minecraft:diamond_axe":15,"minecraft:terracotta":1,"minecraft:black_wool":2,"minecraft:coal":943,"minecraft:sunflower":4,"minecraft:ender_pearl":3},"minecraft:crafted":{"l2complements:totemic_gold_sword":1,"minecraft:smooth_stone":5,"minecraft:oak_planks":288,"cobblemon:slate_ball":12,"cobblemon:apricorn_planks":32,"minecraft:stone":10,"minecraft:cooked_mutton":14,"minecraft:green_dye":28,"minecraft:glass":54,"minecraft:iron_boots":1,"webdisplays:server":1,"webdisplays:craftcomp_peripheral":2,"minecraft:stone_pressure_plate":1,"minecraft:chest":1,"webdisplays:screencfg":1,"minecraft:stone_hoe":1,"minecraft:golden_sword":1,"lookinsharp:forging_station":1,"minecraft:oak_slab":42,"minecraft:diamond_axe":2,"minecraft:crafting_table":12,"webdisplays:linker":1,"minecraft:wooden_pickaxe":2,"minecraft:iron_helmet":2,"megamons:key_stone":1,"l2weaponry:reinforced_handle":6,"minecraft:red_wool":3,"minecraft:copper_ingot":112,"l2weaponry:iron_plate_shield":1,"cobblemon:quick_ball":32,"cobblemon:poke_ball":136,"lookinsharp:diamond_scythe":1,"cobblemon:healing_machine":1,"minecraft:iron_chestplate":1,"minecraft:diamond_pickaxe":1,"minecraft:shield":1,"minecraft:stick":128,"l2weaponry:diamond_javelin":1,"minecraft:iron_ingot":138,"cobblemon:berry_juice":170,"minecraft:iron_block":3,"cobblemon:fossil_analyzer":1,"minecraft:gold_ingot":22,"cobblemon:love_ball":32,"minecraft:redstone_torch":4,"webdisplays:screen":64,"minecraft:shears":1,"cobblemon:revive":1,"cobblemon:exp_share":1,"l2complements:totemic_gold_ingot":1,"minecraft:leather_boots":1,"cobblemon:dream_ball":4,"webdisplays:craftcomp_stonekey":9,"minecraft:furnace":3,"minecraft:stone_button":1,"minecraft:bone_meal":651,"l2weaponry:gold_javelin":1,"minecraft:glass_pane":128,"minecraft:flint_and_steel":1,"webdisplays:craftcomp_backlight":25,"l2weaponry:diamond_dagger":1,"l2weaponry:iron_round_shield":1,"megamons:mega_cuff":1,"cobblemon:ability_shield":1,"minecraft:stone_pickaxe":3,"lookinsharp:iron_spear":1,"lookinsharp:stone_greatsword":1,"webdisplays:keyboard":1,"minecraft:wheat":576,"minecraft:cooked_beef":41,"minecraft:red_dye":5,"lookinsharp:diamond_gladius":1,"cobblemon:roasted_leek":3,"minecraft:diamond_sword":2,"minecraft:iron_sword":4,"cobblemon:pc":1,"cobblemon:park_ball":12,"minecraft:bowl":144,"minecraft:bucket":1,"cobblemon:roseate_ball":268,"cobblemon:heavy_duty_boots":1,"minecraft:stone_axe":1,"minecraft:bread":192,"minecraft:air":0,"cobblemon:heal_ball":36,"minecraft:blue_dye":26,"minecraft:oak_boat":4,"cobblemon:heal_powder":1,"minecraft:wooden_axe":1,"lookinsharp:iron_gladius":1,"minecraft:stonecutter":1,"minecraft:anvil":1,"minecraft:iron_leggings":1,"minecraft:white_bed":1,"minecraft:torch":216,"lookinsharp:iron_greatsword":1},"minecraft:mined":{"minecraft:large_amethyst_bud":2,"minecraft:white_bed":15,"cobblemon:dawn_stone_ore":1,"cobblemon:pc":3,"cobblemon:apricorn_log":13,"minecraft:obsidian":4,"minecraft:granite":55,"cobblemon:pink_apricorn":1,"minecraft:grass_block":27,"minecraft:soul_soil":1,"minecraft:magma_block":6,"minecraft:glowstone":14,"minecraft:iron_ore":131,"minecraft:fire":63,"minecraft:cobbled_deepslate":18,"minecraft:pumpkin":1,"minecraft:deepslate_lapis_ore":4,"minecraft:azure_bluet":1,"cobblemon:medicinal_leek":1,"minecraft:dirt_path":8,"megamons:crystal_ice_stone_ore":1,"minecraft:deepslate_redstone_ore":10,"minecraft:brown_mushroom":2,"megamons:anistarite_geode_block":23,"cobblemon:rawst_berry":1,"minecraft:kelp_plant":1,"minecraft:soul_fire":1,"cobblemon:revival_herb":1,"minecraft:amethyst_cluster":2,"minecraft:powder_snow":3,"minecraft:clay":1,"cobblemon:apricorn_leaves":74,"minecraft:torch":11,"minecraft:poppy":8,"minecraft:calcite":3,"minecraft:melon":1,"minecraft:chest":4,"minecraft:mushroom_stem":5,"cobblemon:pinap_berry":3,"minecraft:cobblestone":34,"megamons:crystal_moon_stone_ore":1,"minecraft:oak_planks":15,"minecraft:sugar_cane":5,"minecraft:wall_torch":55,"minecraft:amethyst_block":5,"minecraft:deepslate_copper_ore":7,"minecraft:white_terracotta":22,"minecraft:chain":3,"cobblemon:green_mint":1,"minecraft:wheat":4,"minecraft:stripped_oak_wood":2,"minecraft:orange_tulip":4,"minecraft:grass":224,"minecraft:oak_log":53,"minecraft:dirt":31,"minecraft:sand":6,"minecraft:smooth_quartz":1,"minecraft:smooth_basalt":2,"minecraft:red_mushroom_block":45,"minecraft:netherrack":94,"minecraft:oak_leaves":22,"minecraft:deepslate":331,"cobblemon:healing_machine":11,"minecraft:diamond_ore":3,"minecraft:tuff":7,"minecraft:deepslate_diamond_ore":26,"minecraft:dark_oak_leaves":1,"minecraft:mossy_cobblestone":1,"minecraft:ladder":4,"minecraft:brown_mushroom_block":5,"cobblemon:fossil_analyzer":1,"minecraft:kelp":1,"minecraft:pink_wool":1,"minecraft:hay_block":70,"minecraft:furnace":10,"minecraft:carrots":1,"minecraft:andesite":44,"minecraft:black_concrete":23,"minecraft:deepslate_iron_ore":34,"minecraft:cobblestone_slab":2,"minecraft:rail":1,"minecraft:bamboo":1,"minecraft:stone":701,"minecraft:bone_block":65,"megamons:crystal_thunder_stone_ore":1,"megamons:anistarite_rough_geode_block":7,"minecraft:oak_slab":2,"minecraft:soul_sand":4,"minecraft:dandelion":2,"minecraft:crafting_table":25,"minecraft:lapis_ore":3,"minecraft:copper_ore":41,"minecraft:tall_grass":19,"minecraft:deepslate_coal_ore":3,"minecraft:quartz_bricks":9,"minecraft:deepslate_gold_ore":45,"cobblemon:oran_berry":2,"minecraft:diorite":16,"cobblemon:relic_coin_pouch":1,"minecraft:birch_planks":3,"minecraft:cactus":22,"minecraft:sweet_berry_bush":3,"minecraft:birch_leaves":1,"minecraft:yellow_bed":2,"minecraft:coal_ore":205,"minecraft:mycelium":2,"minecraft:ochre_froglight":1,"minecraft:gravel":25,"minecraft:sunflower":6,"minecraft:cobweb":18,"minecraft:cracked_stone_bricks":2,"minecraft:terracotta":1,"cobblemon:sun_stone_ore":2,"minecraft:stone_bricks":1,"cobblemon:pink_apricorn_sapling":1},"minecraft:custom":{"minecraft:interact_with_crafting_table":145,"minecraft:open_barrel":4,"minecraft:leave_game":14,"minecraft:time_since_death":534,"minecraft:sprint_one_cm":1515351,"minecraft:damage_blocked_by_shield":694,"minecraft:drop":530,"minecraft:talked_to_villager":2,"minecraft:play_time":1010843,"minecraft:deaths":34,"minecraft:jump":9488,"minecraft:walk_on_water_one_cm":141756,"minecraft:interact_with_furnace":160,"minecraft:sleep_in_bed":40,"minecraft:waystone_activated":13,"minecraft:damage_dealt":39313,"minecraft:player_kills":3,"minecraft:crouch_one_cm":90162,"minecraft:mob_kills":247,"minecraft:climb_one_cm":3243,"minecraft:walk_one_cm":2105473,"minecraft:raid_win":1,"minecraft:sneak_time":38577,"minecraft:walk_under_water_one_cm":120099,"minecraft:boat_one_cm":1120480,"minecraft:interact_with_blast_furnace":35,"minecraft:total_world_time":1010843,"minecraft:interact_with_stonecutter":12,"minecraft:raid_trigger":1,"minecraft:time_since_rest":561,"minecraft:damage_taken":20146,"minecraft:swim_one_cm":264479,"minecraft:fly_one_cm":2475416,"minecraft:open_chest":135,"minecraft:fall_one_cm":327383},"minecraft:broken":{"minecraft:golden_helmet":1,"minecraft:iron_boots":1,"minecraft:iron_chestplate":1,"minecraft:golden_leggings":1,"minecraft:iron_sword":1,"minecraft:wooden_axe":1,"minecraft:flint_and_steel":1,"minecraft:iron_pickaxe":1,"minecraft:iron_helmet":1},"minecraft:dropped":{"cobblemon:pinap_berry":2,"minecraft:iron_sword":5,"minecraft:soul_sand":6,"minecraft:brown_mushroom":2,"minecraft:lapis_lazuli":28,"minecraft:cooked_beef":66,"cobblemon:berry_juice":75,"minecraft:oak_log":4,"cobblemon:blue_apricorn":2,"minecraft:glass_bottle":1,"minecraft:diamond":25,"cobblemon:sun_stone":2,"minecraft:crafting_table":4,"minecraft:cooked_porkchop":4,"minecraft:crossbow":1,"minecraft:orange_tulip":5,"minecraft:leather":41,"minecraft:honeycomb":1,"minecraft:cracked_stone_bricks":3,"minecraft:saddle":1,"minecraft:rail":1,"minecraft:cobblestone_stairs":2,"minecraft:red_mushroom":5,"minecraft:emerald":2,"minecraft:music_disc_13":2,"minecraft:dirt":17,"cobblemon:slate_ball":2,"cobblemon:dawn_stone":3,"cobblemon:white_apricorn":1,"cobblemon:poke_ball":161,"minecraft:mutton":6,"minecraft:chain":6,"minecraft:gold_nugget":3,"minecraft:amethyst_shard":8,"rotted:rotten_brain":7,"minecraft:sunflower":1,"minecraft:sand":2,"minecraft:iron_pickaxe":4,"minecraft:stripped_oak_wood":1,"minecraft:white_wool":15,"cobblemon:red_apricorn":27,"minecraft:bone":9,"minecraft:gravel":8,"minecraft:stone_axe":6,"minecraft:iron_nugget":2,"minecraft:golden_chestplate":1,"cobblemon:big_root":2,"cobblemon:park_ball":4,"minecraft:wheat":19,"minecraft:rotten_flesh":81,"minecraft:oak_planks":22,"cobblemon:black_apricorn":1,"minecraft:cooked_mutton":36,"minecraft:carrot":2,"minecraft:poppy":5,"minecraft:rabbit_hide":2,"cobblemon:white_apricorn_seed":1,"minecraft:gunpowder":8,"cobblemon:heal_ball":3,"minecraft:ochre_froglight":1,"cobblemon:revival_herb":3,"cobblemon:pink_apricorn_seed":1,"minecraft:stone_brick_wall":1,"minecraft:arrow":10,"minecraft:beef":9,"minecraft:stone_brick_stairs":1,"minecraft:netherrack":26,"minecraft:iron_ingot":100,"minecraft:water_bucket":1,"minecraft:enchanted_book":1,"minecraft:bread":153,"minecraft:wheat_seeds":38,"minecraft:golden_helmet":1,"minecraft:poisonous_potato":1,"cobblemon:roasted_leek":2,"cobblemon:light_clay":1,"minecraft:iron_helmet":4,"minecraft:feather":11,"cobblemon:green_apricorn_seed":1,"minecraft:cobblestone":83,"minecraft:granite":41,"minecraft:copper_ingot":21,"webdisplays:craftcomp_stonekey":1,"cobblemon:roseate_ball":112,"minecraft:coal":66,"cobblemon:oran_berry":28,"minecraft:stick":21,"cobblemon:pink_apricorn":1,"minecraft:diorite":16,"lookinsharp:stone_greatsword":2,"minecraft:torch":58,"cobblemon:payapa_berry":1,"minecraft:wooden_axe":2,"minecraft:rabbit":4,"minecraft:brown_wool":3,"minecraft:iron_leggings":3,"minecraft:iron_axe":2,"cobblemon:full_restore":1,"minecraft:string":20,"minecraft:spruce_sapling":3,"minecraft:redstone":18,"minecraft:dandelion":4,"minecraft:furnace":2,"minecraft:kelp":3,"minecraft:soul_soil":2,"minecraft:stone_sword":3,"minecraft:raw_copper":177,"minecraft:bowl":46,"minecraft:raw_iron":84,"minecraft:chicken":8,"cobblemon:yellow_apricorn":3,"minecraft:clay_ball":6,"minecraft:iron_boots":2,"cobblemon:quick_ball":16,"megamons:anistarite_geode_block":1,"minecraft:name_tag":1,"minecraft:white_terracotta":4,"megamons:mega_cuff":2,"minecraft:cobblestone_slab":1,"minecraft:hay_block":23,"minecraft:stone":5,"minecraft:shield":4,"minecraft:diamond_pickaxe":3,"minecraft:iron_chestplate":2,"minecraft:andesite":15,"minecraft:pink_wool":2,"minecraft:yellow_bed":1,"minecraft:wooden_shovel":2,"minecraft:golden_sword":1,"minecraft:stone_bricks":2,"minecraft:bamboo":2,"minecraft:slime_ball":16,"cobblemon:love_ball":39,"minecraft:bow":3,"minecraft:stone_pickaxe":3,"minecraft:wooden_pickaxe":3,"minecraft:raw_gold":17,"waystones:waystone":1},"minecraft:killed_by":{"rotted:farmer":1,"minecraft:creeper":2,"benssharks:axodile":4,"minecraft:ravager":2,"rotted:flusk":1,"rotted:adventurer":5,"minecraft:zombie":3,"minecraft:vex":1,"minecraft:player":3,"minecraft:iron_golem":2,"benssharks:bull_shark":1,"minecraft:skeleton":8}},"DataVersion":3465}