{"stats":{"minecraft:killed":{"minecraft:witch":1,"minecraft:spider":2,"rotted:doctor":3,"rotted:miner":3,"minecraft:skeleton":18,"minecraft:pig":1,"rotted:flusk":1,"minecraft:iron_golem":2,"minecraft:creeper":1,"minecraft:sheep":24,"minecraft:pillager":14,"minecraft:trader_llama":2,"minecraft:donkey":1,"minecraft:zombie":15,"minecraft:mooshroom":13,"minecraft:ghast":5,"minecraft:cow":26,"minecraft:evoker":1,"minecraft:vindicator":5,"benssharks:bull_shark":1,"minecraft:slime":12,"minecraft:horse":6,"aquatic_frontiers:coralcrab":1,"rotted:adventurer":8,"cobblemon:pokemon":6,"rotted:farmer":2,"minecraft:wandering_trader":1,"minecraft:ravager":1,"rotted:marine":3,"benssharks:tiger_shark":1,"minecraft:villager":1,"minecraft:enderman":1},"minecraft:used":{"minecraft:poppy":2,"minecraft:chest":4,"minecraft:white_terracotta":21,"minecraft:iron_sword":230,"minecraft:iron_chestplate":6,"minecraft:soul_sand":1,"minecraft:tuff":7,"minecraft:azure_bluet":1,"minecraft:lava_bucket":12,"webdisplays:server":1,"minecraft:iron_helmet":2,"cobblemon:apricorn_planks":17,"minecraft:stone_bricks":1,"minecraft:magma_block":1,"minecraft:bow":88,"minecraft:hay_block":5,"minecraft:sweet_berries":3,"minecraft:furnace":8,"minecraft:egg":1,"minecraft:diorite":12,"minecraft:cactus":1,"minecraft:oak_planks":58,"minecraft:stone_pickaxe":273,"minecraft:wooden_pickaxe":38,"minecraft:diamond_axe":139,"minecraft:white_wool":1,"minecraft:sand":1,"minecraft:blast_furnace":1,"cobblemon:yellow_apricorn_seed":1,"minecraft:crossbow":2,"minecraft:shears":67,"waystones:waystone":10,"cobblemon:green_apricorn_seed":2,"cobblemon:apricorn_log":5,"minecraft:melon_slice":1,"minecraft:bread":141,"l2complements:totemic_gold_sword":7,"minecraft:gravel":15,"minecraft:diamond_sword":339,"cobblemon:red_apricorn_seed":16,"minecraft:andesite":45,"minecraft:oak_boat":11,"minecraft:bone_meal":651,"minecraft:flint_and_steel":64,"minecraft:stone_hoe":70,"minecraft:netherrack":72,"minecraft:torch":193,"minecraft:dirt":29,"minecraft:granite":43,"minecraft:wooden_axe":35,"cobblemon:pink_apricorn_seed":9,"minecraft:iron_boots":1,"cobblemon:pc":4,"minecraft:light_gray_wool":1,"webdisplays:screencfg":29,"minecraft:cooked_beef":33,"minecraft:cobbled_deepslate":109,"minecraft:iron_leggings":5,"minecraft:calcite":1,"webdisplays:linker":34,"minecraft:wheat_seeds":1,"minecraft:cooked_mutton":8,"minecraft:water_bucket":39,"minecraft:amethyst_block":3,"webdisplays:keyboard":1,"minecraft:cobblestone_slab":1,"minecraft:cracked_stone_bricks":2,"minecraft:mossy_cobblestone":1,"minecraft:rail":2,"minecraft:terracotta":1,"minecraft:oak_slab":28,"minecraft:crafting_table":30,"minecraft:white_bed":14,"cobblemon:black_apricorn_seed":2,"cobblemon:white_apricorn_seed":1,"minecraft:fire_coral":1,"cobblemon:healing_machine":12,"cobblemon:apricorn_leaves":66,"minecraft:diamond_pickaxe":639,"minecraft:sunflower":3,"minecraft:iron_pickaxe":336,"minecraft:spruce_sapling":1,"minecraft:stone_axe":52,"minecraft:cobblestone":242,"cobblemon:fossil_analyzer":2,"minecraft:white_banner":2,"minecraft:bucket":64,"minecraft:yellow_bed":1,"minecraft:dandelion":2,"webdisplays:screen":106},"minecraft:mined":{"minecraft:large_amethyst_bud":2,"minecraft:white_bed":15,"cobblemon:dawn_stone_ore":1,"cobblemon:pc":3,"cobblemon:apricorn_log":13,"minecraft:obsidian":4,"minecraft:granite":42,"cobblemon:pink_apricorn":1,"minecraft:grass_block":26,"minecraft:soul_soil":1,"minecraft:magma_block":1,"minecraft:glowstone":14,"minecraft:iron_ore":66,"minecraft:fire":63,"minecraft:cobbled_deepslate":8,"minecraft:pumpkin":1,"minecraft:deepslate_lapis_ore":4,"minecraft:azure_bluet":1,"cobblemon:medicinal_leek":1,"minecraft:dirt_path":8,"minecraft:deepslate_redstone_ore":4,"minecraft:brown_mushroom":2,"minecraft:kelp_plant":1,"cobblemon:rawst_berry":1,"minecraft:soul_fire":1,"cobblemon:revival_herb":1,"minecraft:amethyst_cluster":2,"minecraft:powder_snow":3,"minecraft:clay":1,"cobblemon:apricorn_leaves":74,"minecraft:torch":8,"minecraft:poppy":8,"minecraft:calcite":1,"minecraft:melon":1,"minecraft:chest":4,"minecraft:mushroom_stem":5,"cobblemon:pinap_berry":3,"minecraft:cobblestone":19,"minecraft:oak_planks":9,"minecraft:sugar_cane":5,"minecraft:wall_torch":29,"minecraft:amethyst_block":3,"minecraft:deepslate_copper_ore":7,"minecraft:white_terracotta":22,"minecraft:chain":3,"cobblemon:green_mint":1,"minecraft:wheat":4,"minecraft:stripped_oak_wood":2,"minecraft:orange_tulip":4,"minecraft:grass":200,"minecraft:oak_log":48,"minecraft:sand":6,"minecraft:dirt":27,"minecraft:red_mushroom_block":45,"minecraft:netherrack":94,"minecraft:oak_leaves":19,"minecraft:deepslate":123,"cobblemon:healing_machine":11,"minecraft:diamond_ore":3,"minecraft:tuff":7,"minecraft:deepslate_diamond_ore":18,"minecraft:mossy_cobblestone":1,"minecraft:dark_oak_leaves":1,"minecraft:ladder":4,"minecraft:brown_mushroom_block":5,"cobblemon:fossil_analyzer":1,"minecraft:kelp":1,"minecraft:pink_wool":1,"minecraft:hay_block":70,"minecraft:furnace":10,"minecraft:carrots":1,"minecraft:black_concrete":7,"minecraft:andesite":39,"minecraft:deepslate_iron_ore":8,"minecraft:cobblestone_slab":2,"minecraft:rail":1,"minecraft:bamboo":1,"minecraft:stone":361,"minecraft:bone_block":65,"minecraft:oak_slab":2,"minecraft:soul_sand":4,"minecraft:dandelion":2,"minecraft:crafting_table":25,"minecraft:copper_ore":33,"minecraft:tall_grass":19,"minecraft:deepslate_coal_ore":3,"minecraft:deepslate_gold_ore":9,"cobblemon:oran_berry":2,"minecraft:diorite":14,"cobblemon:relic_coin_pouch":1,"minecraft:cactus":22,"minecraft:sweet_berry_bush":3,"minecraft:birch_leaves":1,"minecraft:yellow_bed":2,"minecraft:coal_ore":183,"minecraft:mycelium":2,"minecraft:ochre_froglight":1,"minecraft:gravel":21,"minecraft:sunflower":6,"minecraft:cobweb":18,"minecraft:cracked_stone_bricks":2,"minecraft:terracotta":1,"cobblemon:sun_stone_ore":2,"minecraft:stone_bricks":1,"cobblemon:pink_apricorn_sapling":1},"minecraft:broken":{"minecraft:iron_boots":1,"minecraft:iron_chestplate":1,"minecraft:iron_sword":1,"minecraft:wooden_axe":1,"minecraft:flint_and_steel":1,"minecraft:iron_pickaxe":1,"minecraft:iron_helmet":1},"minecraft:killed_by":{"rotted:farmer":1,"minecraft:creeper":2,"minecraft:ravager":2,"rotted:flusk":1,"rotted:adventurer":5,"minecraft:zombie":3,"minecraft:vex":1,"minecraft:player":1,"minecraft:iron_golem":2,"benssharks:bull_shark":1,"minecraft:skeleton":8},"minecraft:crafted":{"l2complements:totemic_gold_sword":1,"minecraft:smooth_stone":2,"minecraft:oak_planks":268,"cobblemon:slate_ball":12,"cobblemon:apricorn_planks":32,"minecraft:stone":4,"minecraft:cooked_mutton":14,"minecraft:green_dye":28,"minecraft:glass":54,"minecraft:iron_boots":1,"webdisplays:server":1,"webdisplays:craftcomp_peripheral":2,"minecraft:stone_pressure_plate":1,"minecraft:chest":1,"webdisplays:screencfg":1,"minecraft:stone_hoe":1,"minecraft:oak_slab":42,"minecraft:diamond_axe":2,"minecraft:crafting_table":12,"webdisplays:linker":1,"minecraft:wooden_pickaxe":2,"minecraft:iron_helmet":2,"megamons:key_stone":1,"minecraft:copper_ingot":68,"cobblemon:poke_ball":136,"cobblemon:quick_ball":32,"minecraft:iron_chestplate":1,"cobblemon:healing_machine":1,"minecraft:diamond_pickaxe":1,"minecraft:stick":128,"minecraft:iron_ingot":72,"cobblemon:berry_juice":170,"cobblemon:fossil_analyzer":1,"minecraft:gold_ingot":17,"cobblemon:love_ball":32,"minecraft:redstone_torch":4,"webdisplays:screen":64,"minecraft:shears":1,"cobblemon:revive":1,"cobblemon:exp_share":1,"l2complements:totemic_gold_ingot":1,"minecraft:leather_boots":1,"cobblemon:dream_ball":4,"webdisplays:craftcomp_stonekey":9,"minecraft:furnace":3,"minecraft:stone_button":1,"minecraft:bone_meal":651,"minecraft:glass_pane":128,"minecraft:flint_and_steel":1,"webdisplays:craftcomp_backlight":25,"megamons:mega_cuff":1,"minecraft:stone_pickaxe":3,"webdisplays:keyboard":1,"minecraft:wheat":576,"minecraft:cooked_beef":41,"minecraft:red_dye":5,"cobblemon:roasted_leek":3,"minecraft:diamond_sword":1,"minecraft:iron_sword":1,"cobblemon:pc":1,"cobblemon:park_ball":12,"minecraft:bowl":144,"minecraft:bucket":1,"cobblemon:roseate_ball":40,"minecraft:stone_axe":1,"cobblemon:heavy_duty_boots":1,"minecraft:air":0,"minecraft:bread":192,"cobblemon:heal_ball":36,"minecraft:blue_dye":26,"minecraft:oak_boat":4,"cobblemon:heal_powder":1,"minecraft:wooden_axe":1,"minecraft:iron_leggings":1,"minecraft:white_bed":1,"minecraft:torch":216},"minecraft:picked_up":{"minecraft:wooden_axe":1,"cobblemon:leaf_stone":1,"minecraft:iron_chestplate":15,"minecraft:wheat":64,"cobblemon:red_apricorn":149,"minecraft:lead":6,"minecraft:diamond_sword":12,"webdisplays:craftcomp_stonekey":1,"minecraft:enchanted_book":4,"minecraft:stone_brick_stairs":1,"cobblemon:sharp_beak":1,"minecraft:amethyst_block":3,"minecraft:string":98,"minecraft:soul_soil":2,"minecraft:raw_copper":959,"minecraft:iron_leggings":8,"minecraft:gold_nugget":9,"minecraft:cobbled_deepslate":139,"minecraft:bucket":1,"cobblemon:white_apricorn_seed":5,"minecraft:red_dye":12,"cobblemon:oran_berry":237,"minecraft:cobblestone_slab":2,"minecraft:calcite":1,"minecraft:wooden_shovel":2,"minecraft:iron_pickaxe":12,"cobblemon:quick_ball":25,"cobblemon:big_root":2,"cobblemon:full_restore":1,"minecraft:melon_slice":5,"minecraft:iron_boots":7,"minecraft:furnace":36,"minecraft:stick":145,"cobblemon:apricorn_log":13,"cobblemon:pc":4,"minecraft:torch":157,"minecraft:porkchop":1,"minecraft:diorite":28,"minecraft:stone_sword":1,"minecraft:cactus":34,"minecraft:honey_bottle":5,"minecraft:rotten_flesh":70,"minecraft:blue_dye":36,"minecraft:white_terracotta":25,"cobblemon:green_mint_seeds":3,"minecraft:obsidian":4,"minecraft:cobblestone":468,"minecraft:magma_block":1,"minecraft:feather":11,"minecraft:cooked_beef":75,"minecraft:water_bucket":13,"minecraft:andesite":108,"minecraft:brown_wool":3,"cobblemon:pinap_berry":26,"cobblemon:roseate_ball":66,"minecraft:flint":1,"megamons:mega_cuff":2,"minecraft:tuff":14,"minecraft:lapis_lazuli":103,"minecraft:dirt":93,"minecraft:name_tag":3,"cobblemon:light_clay":1,"minecraft:bone":70,"minecraft:wheat_seeds":42,"cobblemon:roasted_leek":2,"minecraft:bow":5,"minecraft:orange_tulip":6,"cobblemon:black_apricorn":13,"minecraft:raw_gold":62,"minecraft:glowstone_dust":75,"minecraft:rabbit":4,"minecraft:bamboo":8,"minecraft:stone_hoe":1,"minecraft:oak_planks":170,"minecraft:honeycomb":1,"minecraft:ghast_tear":5,"cobblemon:sun_stone":16,"minecraft:music_disc_13":5,"minecraft:cooked_porkchop":4,"cobblemon:fossil_analyzer":1,"minecraft:poisonous_potato":2,"minecraft:sand":57,"cobblemon:persim_berry":25,"minecraft:ink_sac":106,"cobblemon:leppa_berry":2,"minecraft:mossy_cobblestone":1,"cobblemon:healing_machine":10,"minecraft:diamond":107,"cobblemon:poke_ball":309,"waystones:waystone":35,"minecraft:crossbow":3,"minecraft:granite":62,"cobblemon:rindo_berry":57,"cobblemon:dream_ball":1,"minecraft:emerald":6,"minecraft:bread":396,"cobblemon:medicinal_leek":9,"minecraft:netherrack":111,"cobblemon:apricorn_leaves":66,"rotted:rotten_brain":8,"minecraft:diamond_pickaxe":9,"cobblemon:green_mint_leaf":1,"minecraft:crafting_table":30,"minecraft:azure_bluet":1,"minecraft:chicken":8,"minecraft:clay_ball":6,"cobblemon:yellow_apricorn":51,"minecraft:brown_mushroom":6,"minecraft:wooden_pickaxe":3,"minecraft:pink_wool":5,"minecraft:stone_brick_wall":1,"minecraft:chain":12,"minecraft:shield":4,"minecraft:fire_coral":1,"cobblemon:revival_herb":7,"minecraft:iron_axe":2,"minecraft:flint_and_steel":2,"cobblemon:white_apricorn":35,"minecraft:glass_pane":48,"minecraft:cracked_stone_bricks":5,"cobblemon:green_apricorn":22,"minecraft:beef":141,"minecraft:oak_boat":18,"cobblemon:relic_coin":14,"minecraft:chest":3,"minecraft:iron_nugget":2,"minecraft:poppy":12,"minecraft:light_gray_wool":1,"cobblemon:pep_up_flower":2,"webdisplays:craftcomp_backlight":2,"minecraft:sugar_cane":78,"cobblemon:green_apricorn_seed":4,"minecraft:egg":1,"minecraft:raw_iron":462,"minecraft:stone":8,"cobblemon:love_ball":99,"minecraft:copper_ingot":14,"minecraft:bowl":59,"minecraft:carrot":13,"minecraft:redstone":115,"cobblemon:berry_juice":186,"cobblemon:dawn_stone":3,"minecraft:arrow":82,"minecraft:shears":1,"minecraft:hay_block":230,"minecraft:saddle":16,"minecraft:gold_ingot":5,"minecraft:totem_of_undying":3,"cobblemon:air_balloon":1,"minecraft:mutton":45,"minecraft:bone_block":99,"cobblemon:blue_apricorn":34,"minecraft:rail":3,"minecraft:white_wool":65,"minecraft:air":0,"minecraft:leather":445,"minecraft:red_mushroom":5,"minecraft:ochre_froglight":6,"minecraft:mushroom_stew":1,"cobblemon:slate_ball":15,"minecraft:oak_log":144,"minecraft:yellow_bed":3,"minecraft:gunpowder":28,"minecraft:cobblestone_stairs":2,"minecraft:white_banner":2,"cobblemon:pink_apricorn_seed":9,"minecraft:cooked_mutton":112,"minecraft:stone_bricks":3,"minecraft:kelp":24,"minecraft:rabbit_hide":7,"minecraft:iron_ingot":170,"minecraft:stone_pickaxe":4,"minecraft:stripped_oak_wood":1,"minecraft:iron_sword":15,"minecraft:soul_sand":12,"minecraft:green_dye":38,"cobblemon:red_apricorn_seed":16,"minecraft:oak_slab":2,"minecraft:pumpkin":1,"minecraft:sweet_berries":3,"cobblemon:payapa_berry":1,"cobblemon:black_apricorn_seed":6,"minecraft:dandelion":12,"minecraft:gravel":21,"webdisplays:screencfg":2,"cobblemon:cheri_berry":129,"webdisplays:upgrade_lasermouse":15,"cobblemon:yellow_apricorn_seed":1,"minecraft:amethyst_shard":29,"minecraft:spruce_sapling":3,"cobblemon:pink_apricorn":121,"minecraft:white_bed":23,"minecraft:slime_ball":56,"minecraft:stone_axe":8,"webdisplays:linker":2,"webdisplays:laserpointer":2,"minecraft:iron_helmet":7,"minecraft:diamond_axe":10,"minecraft:terracotta":1,"minecraft:black_wool":2,"minecraft:coal":835,"minecraft:ender_pearl":3,"minecraft:sunflower":4},"minecraft:custom":{"minecraft:interact_with_crafting_table":122,"minecraft:open_barrel":2,"minecraft:leave_game":14,"minecraft:time_since_death":51169,"minecraft:sprint_one_cm":1372474,"minecraft:drop":402,"minecraft:talked_to_villager":2,"minecraft:play_time":860397,"minecraft:deaths":28,"minecraft:jump":8802,"minecraft:walk_on_water_one_cm":96757,"minecraft:interact_with_furnace":142,"minecraft:sleep_in_bed":35,"minecraft:waystone_activated":11,"minecraft:damage_dealt":29747,"minecraft:player_kills":2,"minecraft:crouch_one_cm":62733,"minecraft:mob_kills":195,"minecraft:climb_one_cm":3243,"minecraft:walk_one_cm":1746003,"minecraft:raid_win":1,"minecraft:sneak_time":25826,"minecraft:walk_under_water_one_cm":65701,"minecraft:boat_one_cm":1120480,"minecraft:interact_with_blast_furnace":4,"minecraft:total_world_time":860397,"minecraft:raid_trigger":1,"minecraft:time_since_rest":29295,"minecraft:damage_taken":16157,"minecraft:swim_one_cm":139475,"minecraft:fly_one_cm":2394000,"minecraft:open_chest":103,"minecraft:fall_one_cm":306399},"minecraft:dropped":{"cobblemon:pinap_berry":2,"minecraft:iron_sword":5,"minecraft:soul_sand":6,"minecraft:brown_mushroom":2,"minecraft:lapis_lazuli":28,"minecraft:cooked_beef":30,"minecraft:oak_log":4,"cobblemon:berry_juice":75,"cobblemon:blue_apricorn":2,"minecraft:glass_bottle":1,"minecraft:diamond":19,"cobblemon:sun_stone":2,"minecraft:crafting_table":4,"minecraft:cooked_porkchop":4,"minecraft:crossbow":1,"minecraft:orange_tulip":5,"minecraft:leather":41,"minecraft:honeycomb":1,"minecraft:cracked_stone_bricks":3,"minecraft:saddle":1,"minecraft:rail":1,"minecraft:cobblestone_stairs":2,"minecraft:red_mushroom":5,"minecraft:music_disc_13":2,"minecraft:dirt":11,"cobblemon:slate_ball":2,"cobblemon:dawn_stone":3,"cobblemon:white_apricorn":1,"cobblemon:poke_ball":127,"minecraft:mutton":6,"minecraft:chain":6,"rotted:rotten_brain":4,"minecraft:gold_nugget":3,"minecraft:amethyst_shard":8,"minecraft:sunflower":1,"minecraft:sand":2,"minecraft:iron_pickaxe":4,"minecraft:stripped_oak_wood":1,"minecraft:white_wool":15,"cobblemon:red_apricorn":27,"minecraft:bone":9,"minecraft:gravel":1,"minecraft:stone_axe":4,"minecraft:iron_nugget":2,"cobblemon:big_root":2,"cobblemon:park_ball":4,"minecraft:wheat":19,"minecraft:rotten_flesh":55,"minecraft:oak_planks":20,"cobblemon:black_apricorn":1,"minecraft:cooked_mutton":36,"minecraft:carrot":2,"minecraft:poppy":5,"minecraft:rabbit_hide":2,"cobblemon:white_apricorn_seed":1,"minecraft:gunpowder":8,"minecraft:ochre_froglight":1,"cobblemon:pink_apricorn_seed":1,"cobblemon:revival_herb":3,"minecraft:stone_brick_wall":1,"minecraft:arrow":8,"minecraft:beef":9,"minecraft:stone_brick_stairs":1,"minecraft:netherrack":26,"minecraft:enchanted_book":1,"minecraft:water_bucket":1,"minecraft:iron_ingot":100,"minecraft:bread":153,"minecraft:wheat_seeds":33,"minecraft:poisonous_potato":1,"cobblemon:roasted_leek":2,"cobblemon:light_clay":1,"minecraft:iron_helmet":4,"minecraft:feather":11,"cobblemon:green_apricorn_seed":1,"minecraft:cobblestone":18,"minecraft:granite":19,"minecraft:copper_ingot":21,"webdisplays:craftcomp_stonekey":1,"minecraft:coal":63,"cobblemon:oran_berry":28,"cobblemon:pink_apricorn":1,"minecraft:stick":21,"minecraft:diorite":4,"minecraft:torch":32,"cobblemon:payapa_berry":1,"minecraft:rabbit":4,"minecraft:brown_wool":3,"minecraft:iron_leggings":3,"minecraft:iron_axe":2,"cobblemon:full_restore":1,"minecraft:string":20,"minecraft:redstone":18,"minecraft:spruce_sapling":3,"minecraft:dandelion":4,"minecraft:furnace":2,"minecraft:kelp":3,"minecraft:soul_soil":2,"minecraft:stone_sword":1,"minecraft:raw_copper":177,"minecraft:bowl":46,"minecraft:raw_iron":84,"minecraft:chicken":8,"cobblemon:yellow_apricorn":3,"minecraft:clay_ball":6,"minecraft:iron_boots":2,"cobblemon:quick_ball":5,"minecraft:white_terracotta":4,"minecraft:name_tag":1,"megamons:mega_cuff":2,"minecraft:cobblestone_slab":1,"minecraft:hay_block":23,"minecraft:stone":5,"minecraft:shield":4,"minecraft:diamond_pickaxe":1,"minecraft:iron_chestplate":2,"minecraft:andesite":5,"minecraft:pink_wool":2,"minecraft:yellow_bed":1,"minecraft:wooden_shovel":2,"minecraft:stone_bricks":2,"cobblemon:love_ball":26,"minecraft:bamboo":2,"minecraft:slime_ball":16,"minecraft:bow":3,"minecraft:stone_pickaxe":3,"minecraft:wooden_pickaxe":3,"minecraft:raw_gold":17,"waystones:waystone":1}},"DataVersion":3465}