{"stats":{"minecraft:killed":{"minecraft:witch":3,"rotted:doctor":1,"rotted:miner":2,"minecraft:skeleton":9,"minecraft:tropical_fish":1,"minecraft:pig":5,"rotted:shielder":1,"minecraft:zombie_villager":1,"minecraft:salmon":4,"rotted:flusk":1,"minecraft:iron_golem":1,"minecraft:creeper":4,"minecraft:sheep":7,"minecraft:pillager":12,"minecraft:zombie":21,"minecraft:vindicator":4,"rotted:adventurer":7,"minecraft:drowned":2,"cobblemon:pokemon":1,"rotted:farmer":2,"minecraft:ravager":1},"minecraft:used":{"minecraft:ladder":3,"minecraft:chest":6,"minecraft:shield":45,"minecraft:iron_sword":220,"minecraft:rotten_flesh":31,"minecraft:iron_chestplate":3,"minecraft:mutton":12,"minecraft:carrot":2,"minecraft:tuff":1,"minecraft:iron_helmet":4,"minecraft:pink_wool":1,"minecraft:hay_block":1,"minecraft:furnace":5,"minecraft:oak_sapling":4,"minecraft:egg":6,"minecraft:diorite":1,"minecraft:stone_pickaxe":163,"minecraft:oak_planks":40,"minecraft:wooden_pickaxe":38,"minecraft:white_wool":12,"minecraft:mushroom_stew":4,"waystones:waystone":1,"rotted:rotten_brain":3,"minecraft:bread":83,"minecraft:brown_wool":2,"cobblemon:red_apricorn_seed":4,"cobblemon:medicinal_leek":4,"minecraft:andesite":6,"minecraft:oak_boat":8,"minecraft:bone_meal":3,"minecraft:stone_sword":41,"minecraft:tropical_fish":1,"minecraft:wooden_shovel":24,"minecraft:netherrack":7,"minecraft:oak_door":3,"minecraft:torch":140,"minecraft:dirt":40,"minecraft:granite":23,"minecraft:wooden_axe":101,"minecraft:iron_axe":118,"cobblemon:pink_apricorn_seed":8,"minecraft:iron_boots":5,"minecraft:beef":2,"minecraft:cooked_beef":15,"minecraft:acacia_planks":1,"minecraft:cobbled_deepslate":21,"minecraft:iron_leggings":4,"minecraft:cooked_mutton":13,"minecraft:water_bucket":8,"minecraft:rabbit":3,"minecraft:cracked_stone_bricks":1,"minecraft:salmon":4,"minecraft:rail":23,"minecraft:oak_slab":14,"minecraft:crafting_table":23,"minecraft:white_bed":5,"cobblemon:healing_machine":1,"minecraft:oak_log":2,"minecraft:diamond_pickaxe":21,"minecraft:apple":1,"minecraft:chicken":4,"minecraft:iron_pickaxe":170,"travelersbackpack:white_sleeping_bag":2,"minecraft:stone_axe":41,"minecraft:cobblestone":110,"minecraft:cooked_porkchop":4,"minecraft:white_banner":4,"minecraft:porkchop":5,"minecraft:bucket":10,"minecraft:yellow_bed":3,"minecraft:kelp":8,"minecraft:dandelion":1},"minecraft:mined":{"minecraft:white_bed":4,"minecraft:cobblestone_stairs":1,"cobblemon:big_root":1,"cobblemon:apricorn_log":5,"minecraft:granite":34,"minecraft:acacia_log":6,"minecraft:grass_block":14,"minecraft:stone_brick_wall":1,"cobblemon:rindo_berry":1,"minecraft:tall_seagrass":10,"minecraft:glowstone":13,"minecraft:iron_ore":31,"cobblemon:medicinal_leek":12,"minecraft:dirt_path":8,"minecraft:kelp_plant":1,"minecraft:powder_snow":1,"minecraft:torch":5,"cobblemon:apricorn_leaves":1,"minecraft:poppy":5,"minecraft:cobblestone":29,"minecraft:oak_planks":45,"minecraft:wall_torch":6,"minecraft:seagrass":9,"cobblemon:green_mint":2,"minecraft:birch_log":18,"minecraft:wheat":2,"minecraft:stone_brick_stairs":1,"minecraft:grass":113,"minecraft:oak_log":101,"minecraft:beetroots":1,"minecraft:sand":53,"minecraft:dirt":28,"minecraft:oak_leaves":22,"minecraft:deepslate":7,"minecraft:tuff":1,"travelersbackpack:white_sleeping_bag":2,"minecraft:spruce_leaves":1,"minecraft:kelp":5,"minecraft:hay_block":12,"minecraft:furnace":2,"minecraft:carrots":5,"minecraft:andesite":13,"minecraft:black_concrete":5,"minecraft:deepslate_iron_ore":40,"minecraft:rail":7,"minecraft:stone":147,"minecraft:acacia_leaves":3,"minecraft:glass_pane":1,"minecraft:dandelion":2,"minecraft:crafting_table":6,"minecraft:tall_grass":13,"minecraft:copper_ore":29,"minecraft:deepslate_coal_ore":4,"minecraft:deepslate_gold_ore":8,"minecraft:diorite":4,"minecraft:cactus":1,"minecraft:birch_leaves":4,"minecraft:yellow_bed":1,"minecraft:coal_ore":14,"minecraft:sunflower":1,"minecraft:cracked_stone_bricks":4,"minecraft:stone_bricks":2,"minecraft:fern":4,"cobblemon:pink_apricorn_sapling":2},"minecraft:broken":{"minecraft:iron_leggings":1,"minecraft:wooden_axe":1},"minecraft:killed_by":{"minecraft:creeper":3,"rotted:adventurer":4,"minecraft:vindicator":5,"minecraft:zombie":2,"minecraft:player":2,"rotted:shielder":1,"minecraft:skeleton":3,"rotted:miner":1},"minecraft:crafted":{"minecraft:oak_planks":296,"cobblemon:apricorn_planks":20,"minecraft:stone":2,"minecraft:cooked_mutton":5,"minecraft:iron_boots":2,"minecraft:chest":5,"minecraft:oak_slab":12,"minecraft:wooden_shovel":1,"minecraft:cooked_porkchop":4,"minecraft:crafting_table":15,"minecraft:wooden_pickaxe":3,"minecraft:iron_helmet":2,"minecraft:copper_ingot":61,"minecraft:birch_planks":24,"cobblemon:poke_ball":44,"minecraft:iron_chestplate":2,"minecraft:shield":3,"minecraft:stick":52,"minecraft:iron_ingot":56,"minecraft:iron_pickaxe":1,"cobblemon:berry_juice":64,"minecraft:stone_sword":2,"minecraft:oak_door":3,"minecraft:furnace":2,"minecraft:bone_meal":3,"travelersbackpack:white_sleeping_bag":2,"minecraft:iron_axe":2,"minecraft:stone_pickaxe":2,"cobblemon:citrine_ball":4,"minecraft:wheat":99,"minecraft:cooked_beef":9,"minecraft:red_dye":6,"minecraft:iron_sword":2,"minecraft:bowl":20,"minecraft:bucket":1,"cobblemon:roseate_ball":4,"minecraft:stone_axe":2,"minecraft:bread":33,"minecraft:air":0,"minecraft:oak_boat":3,"minecraft:wooden_axe":4,"minecraft:iron_leggings":2,"minecraft:acacia_planks":24,"minecraft:torch":96},"minecraft:picked_up":{"minecraft:wooden_axe":2,"cobblemon:leaf_stone":2,"minecraft:iron_chestplate":3,"minecraft:wheat":1,"cobblemon:red_apricorn":98,"cobblemon:charti_berry":5,"minecraft:stone_brick_stairs":3,"cobblemon:wepear_berry":31,"minecraft:string":12,"minecraft:raw_copper":211,"minecraft:iron_leggings":11,"minecraft:gold_nugget":2,"minecraft:cobbled_deepslate":44,"minecraft:red_dye":3,"cobblemon:oran_berry":318,"minecraft:wooden_shovel":1,"minecraft:iron_pickaxe":5,"cobblemon:big_root":6,"cobblemon:quick_ball":18,"minecraft:melon_slice":8,"minecraft:furnace":5,"minecraft:iron_boots":13,"cobblemon:apricorn_log":5,"minecraft:stick":35,"minecraft:torch":227,"minecraft:acacia_log":6,"minecraft:porkchop":16,"minecraft:diorite":3,"minecraft:rabbit_foot":1,"minecraft:stone_sword":2,"minecraft:cactus":6,"minecraft:rotten_flesh":105,"minecraft:tropical_fish":1,"minecraft:white_terracotta":2,"cobblemon:green_mint_seeds":2,"minecraft:cobblestone":313,"minecraft:birch_log":17,"minecraft:cooked_beef":334,"minecraft:feather":9,"minecraft:water_bucket":2,"minecraft:andesite":25,"minecraft:brown_wool":2,"cobblemon:pinap_berry":168,"cobblemon:roseate_ball":8,"megamons:mega_cuff":2,"minecraft:tuff":1,"minecraft:lapis_lazuli":18,"minecraft:dirt":87,"minecraft:name_tag":5,"minecraft:leather_boots":2,"minecraft:bone":27,"minecraft:acacia_planks":12,"minecraft:orange_tulip":4,"minecraft:bow":6,"minecraft:wheat_seeds":18,"cobblemon:black_apricorn":2,"minecraft:raw_gold":8,"minecraft:glowstone_dust":86,"minecraft:rabbit":10,"minecraft:bamboo":12,"minecraft:stone_hoe":1,"minecraft:oak_planks":218,"cobblemon:sun_stone":2,"minecraft:cooked_porkchop":4,"minecraft:poisonous_potato":3,"minecraft:sand":52,"rotted:flusk_viscera":1,"cobblemon:persim_berry":6,"minecraft:ink_sac":8,"travelersbackpack:white_sleeping_bag":2,"cobblemon:healing_machine":1,"minecraft:sugar":5,"minecraft:diamond":3,"cobblemon:poke_ball":552,"waystones:waystone":6,"minecraft:granite":100,"cobblemon:rindo_berry":12,"minecraft:bread":358,"minecraft:emerald":2,"cobblemon:medicinal_leek":21,"minecraft:oak_sapling":5,"minecraft:netherrack":16,"rotted:rotten_brain":8,"minecraft:diamond_pickaxe":2,"cobblemon:green_mint_leaf":3,"minecraft:crafting_table":12,"minecraft:chicken":10,"minecraft:ladder":3,"minecraft:clay_ball":2,"cobblemon:yellow_apricorn":11,"minecraft:wooden_pickaxe":7,"minecraft:pink_wool":1,"minecraft:stone_brick_wall":3,"minecraft:shield":12,"minecraft:iron_axe":10,"cobblemon:white_apricorn":41,"minecraft:cracked_stone_bricks":7,"cobblemon:green_apricorn":9,"minecraft:beef":13,"cobblemon:relic_coin":52,"minecraft:oak_boat":6,"minecraft:iron_nugget":4,"minecraft:poppy":8,"minecraft:sugar_cane":4,"minecraft:chest":1,"cobblemon:green_apricorn_seed":3,"minecraft:egg":7,"minecraft:raw_iron":170,"cobblemon:love_ball":27,"minecraft:copper_ingot":22,"minecraft:bowl":95,"cobblemon:park_ball":26,"minecraft:carrot":22,"minecraft:redstone":7,"cobblemon:berry_juice":315,"cobblemon:dawn_stone":2,"minecraft:arrow":86,"minecraft:beetroot_seeds":1,"minecraft:hay_block":58,"cobblemon:blue_apricorn":10,"minecraft:mutton":33,"minecraft:white_wool":116,"minecraft:rail":8,"minecraft:air":0,"minecraft:salmon":4,"minecraft:leather":12,"minecraft:mushroom_stew":4,"cobblemon:slate_ball":8,"minecraft:oak_log":118,"minecraft:yellow_bed":3,"minecraft:gunpowder":17,"minecraft:cobblestone_stairs":2,"minecraft:white_banner":14,"cobblemon:pink_apricorn_seed":8,"minecraft:cooked_mutton":133,"minecraft:apple":5,"minecraft:stone_bricks":4,"minecraft:kelp":11,"minecraft:rabbit_hide":11,"minecraft:iron_ingot":117,"minecraft:stone_pickaxe":8,"minecraft:glass_bottle":4,"minecraft:iron_sword":15,"cobblemon:red_apricorn_seed":6,"minecraft:oak_slab":2,"cobblemon:payapa_berry":3,"cobblemon:black_apricorn_seed":2,"minecraft:dandelion":5,"minecraft:gravel":1,"cobblemon:cheri_berry":38,"cobblemon:yellow_apricorn_seed":2,"minecraft:spruce_sapling":5,"cobblemon:pink_apricorn":83,"minecraft:white_bed":7,"minecraft:stone_axe":2,"minecraft:chainmail_leggings":1,"minecraft:iron_helmet":14,"minecraft:black_wool":1,"minecraft:coal":99,"minecraft:ender_pearl":2},"minecraft:custom":{"minecraft:interact_with_crafting_table":90,"minecraft:open_barrel":2,"minecraft:leave_game":4,"minecraft:time_since_death":27337,"minecraft:sprint_one_cm":1468650,"minecraft:damage_blocked_by_shield":2595,"minecraft:drop":163,"minecraft:talked_to_villager":4,"minecraft:play_time":678623,"minecraft:deaths":29,"minecraft:jump":8475,"minecraft:walk_on_water_one_cm":104522,"minecraft:interact_with_furnace":62,"minecraft:sleep_in_bed":23,"minecraft:waystone_activated":11,"minecraft:damage_dealt":18339,"minecraft:player_kills":1,"minecraft:crouch_one_cm":21791,"minecraft:mob_kills":93,"minecraft:climb_one_cm":4889,"minecraft:walk_one_cm":1236009,"minecraft:raid_win":1,"minecraft:sneak_time":13111,"minecraft:walk_under_water_one_cm":170327,"minecraft:boat_one_cm":1056239,"minecraft:interact_with_blast_furnace":1,"minecraft:total_world_time":678623,"minecraft:time_since_rest":15856,"minecraft:damage_taken":14399,"minecraft:swim_one_cm":247993,"minecraft:fly_one_cm":1591345,"minecraft:open_chest":68,"minecraft:fall_one_cm":255368},"minecraft:dropped":{"minecraft:iron_sword":1,"minecraft:cooked_beef":28,"cobblemon:berry_juice":19,"minecraft:oak_log":37,"cobblemon:blue_apricorn":2,"cobblemon:sun_stone":2,"minecraft:leather":4,"minecraft:emerald":1,"minecraft:dirt":15,"cobblemon:dawn_stone":1,"minecraft:mutton":5,"minecraft:gold_nugget":1,"rotted:rotten_brain":1,"minecraft:sand":51,"minecraft:sugar":1,"minecraft:iron_pickaxe":2,"minecraft:gravel":1,"minecraft:stone_axe":1,"minecraft:sugar_cane":2,"minecraft:iron_nugget":4,"minecraft:cobbled_deepslate":4,"minecraft:wheat":1,"minecraft:rotten_flesh":28,"minecraft:oak_planks":31,"minecraft:glowstone_dust":86,"minecraft:cooked_mutton":12,"minecraft:white_bed":1,"minecraft:rabbit_foot":1,"minecraft:rabbit_hide":2,"minecraft:stone_brick_wall":1,"minecraft:leather_boots":2,"minecraft:arrow":4,"minecraft:beef":9,"minecraft:stone_brick_stairs":1,"minecraft:stone_hoe":1,"minecraft:iron_ingot":11,"minecraft:bread":12,"minecraft:wheat_seeds":16,"minecraft:poisonous_potato":2,"minecraft:feather":1,"minecraft:iron_helmet":1,"minecraft:copper_ingot":2,"cobblemon:pink_apricorn":6,"minecraft:ink_sac":8,"minecraft:torch":51,"minecraft:melon_slice":4,"minecraft:red_dye":9,"minecraft:cactus":3,"cobblemon:leaf_stone":1,"minecraft:chainmail_leggings":1,"minecraft:string":6,"minecraft:dandelion":1,"minecraft:raw_copper":38,"minecraft:bowl":3,"minecraft:raw_iron":49,"cobblemon:yellow_apricorn":1,"minecraft:clay_ball":2,"minecraft:name_tag":1,"megamons:mega_cuff":2,"cobblemon:green_mint_seeds":2,"minecraft:hay_block":46,"minecraft:stone":2,"minecraft:diamond_pickaxe":1,"minecraft:andesite":4,"minecraft:wooden_shovel":1,"minecraft:bow":1,"minecraft:stone_pickaxe":3,"minecraft:wooden_pickaxe":3,"waystones:waystone":1,"minecraft:black_wool":1}},"DataVersion":3465}