{"stats":{"minecraft:killed":{"minecraft:witch":3,"minecraft:skeleton":8,"minecraft:tropical_fish":1,"minecraft:pig":5,"minecraft:zombie_villager":1,"minecraft:salmon":4,"rotted:flusk":1,"minecraft:iron_golem":1,"minecraft:creeper":3,"minecraft:sheep":4,"minecraft:pillager":12,"minecraft:zombie":20,"minecraft:vindicator":4,"rotted:adventurer":2,"minecraft:drowned":2,"cobblemon:pokemon":1,"minecraft:ravager":1},"minecraft:used":{"minecraft:chest":3,"minecraft:shield":45,"minecraft:iron_sword":220,"minecraft:rotten_flesh":26,"minecraft:iron_chestplate":3,"minecraft:mutton":7,"minecraft:carrot":2,"minecraft:tuff":1,"minecraft:iron_helmet":4,"minecraft:pink_wool":1,"minecraft:hay_block":1,"minecraft:furnace":5,"minecraft:oak_sapling":4,"minecraft:egg":6,"minecraft:diorite":1,"minecraft:stone_pickaxe":150,"minecraft:oak_planks":40,"minecraft:wooden_pickaxe":37,"minecraft:white_wool":12,"minecraft:mushroom_stew":1,"waystones:waystone":1,"minecraft:bread":83,"minecraft:brown_wool":2,"cobblemon:red_apricorn_seed":4,"cobblemon:medicinal_leek":1,"minecraft:andesite":5,"minecraft:oak_boat":7,"minecraft:bone_meal":3,"minecraft:tropical_fish":1,"minecraft:wooden_shovel":24,"minecraft:netherrack":7,"minecraft:torch":116,"minecraft:dirt":32,"minecraft:granite":6,"minecraft:wooden_axe":73,"minecraft:iron_axe":118,"cobblemon:pink_apricorn_seed":8,"minecraft:iron_boots":5,"minecraft:beef":2,"minecraft:cooked_beef":9,"minecraft:acacia_planks":1,"minecraft:cobbled_deepslate":21,"minecraft:iron_leggings":4,"minecraft:cooked_mutton":9,"minecraft:water_bucket":8,"minecraft:rabbit":3,"minecraft:cracked_stone_bricks":1,"minecraft:salmon":4,"minecraft:rail":23,"minecraft:oak_slab":14,"minecraft:crafting_table":18,"minecraft:white_bed":5,"minecraft:oak_log":2,"minecraft:diamond_pickaxe":21,"minecraft:chicken":4,"minecraft:iron_pickaxe":170,"minecraft:cobblestone":89,"minecraft:cooked_porkchop":4,"minecraft:white_banner":4,"minecraft:porkchop":5,"minecraft:bucket":10,"minecraft:yellow_bed":2,"minecraft:kelp":8,"minecraft:dandelion":1},"minecraft:mined":{"minecraft:white_bed":4,"minecraft:cobblestone_stairs":1,"cobblemon:big_root":1,"cobblemon:apricorn_log":5,"minecraft:granite":31,"minecraft:acacia_log":6,"minecraft:grass_block":10,"minecraft:stone_brick_wall":1,"cobblemon:rindo_berry":1,"minecraft:tall_seagrass":10,"minecraft:glowstone":13,"minecraft:iron_ore":31,"cobblemon:medicinal_leek":4,"minecraft:dirt_path":8,"minecraft:kelp_plant":1,"minecraft:torch":5,"cobblemon:apricorn_leaves":1,"minecraft:poppy":5,"minecraft:cobblestone":29,"minecraft:oak_planks":45,"minecraft:wall_torch":4,"minecraft:seagrass":6,"minecraft:birch_log":1,"minecraft:wheat":2,"minecraft:stone_brick_stairs":1,"minecraft:grass":113,"minecraft:oak_log":86,"minecraft:beetroots":1,"minecraft:sand":53,"minecraft:dirt":26,"minecraft:oak_leaves":9,"minecraft:deepslate":7,"minecraft:tuff":1,"minecraft:spruce_leaves":1,"minecraft:kelp":5,"minecraft:hay_block":12,"minecraft:furnace":2,"minecraft:carrots":5,"minecraft:andesite":13,"minecraft:deepslate_iron_ore":40,"minecraft:rail":7,"minecraft:stone":144,"minecraft:acacia_leaves":3,"minecraft:glass_pane":1,"minecraft:dandelion":2,"minecraft:crafting_table":6,"minecraft:tall_grass":12,"minecraft:copper_ore":29,"minecraft:deepslate_coal_ore":4,"minecraft:deepslate_gold_ore":8,"minecraft:diorite":4,"minecraft:cactus":1,"minecraft:yellow_bed":1,"minecraft:coal_ore":11,"minecraft:sunflower":1,"minecraft:cracked_stone_bricks":4,"minecraft:stone_bricks":2,"minecraft:fern":4,"cobblemon:pink_apricorn_sapling":2},"minecraft:killed_by":{"minecraft:creeper":3,"rotted:adventurer":1,"minecraft:vindicator":5,"minecraft:zombie":2,"minecraft:player":1,"minecraft:skeleton":3},"minecraft:crafted":{"minecraft:oak_planks":276,"cobblemon:apricorn_planks":20,"minecraft:stone":2,"minecraft:cooked_mutton":5,"minecraft:iron_boots":2,"minecraft:chest":3,"minecraft:oak_slab":12,"minecraft:wooden_shovel":1,"minecraft:cooked_porkchop":4,"minecraft:crafting_table":10,"minecraft:wooden_pickaxe":3,"minecraft:iron_helmet":2,"minecraft:copper_ingot":61,"cobblemon:poke_ball":44,"minecraft:iron_chestplate":2,"minecraft:shield":3,"minecraft:stick":48,"minecraft:iron_ingot":56,"minecraft:iron_pickaxe":1,"cobblemon:berry_juice":64,"minecraft:furnace":2,"minecraft:bone_meal":3,"minecraft:iron_axe":2,"minecraft:stone_pickaxe":1,"cobblemon:citrine_ball":4,"minecraft:wheat":99,"minecraft:cooked_beef":9,"minecraft:red_dye":6,"minecraft:iron_sword":2,"minecraft:bowl":20,"minecraft:bucket":1,"cobblemon:roseate_ball":4,"minecraft:stone_axe":1,"minecraft:bread":33,"minecraft:air":0,"minecraft:oak_boat":3,"minecraft:wooden_axe":4,"minecraft:iron_leggings":2,"minecraft:acacia_planks":24,"minecraft:torch":72},"minecraft:picked_up":{"minecraft:iron_chestplate":3,"minecraft:wheat":1,"cobblemon:red_apricorn":98,"cobblemon:charti_berry":1,"minecraft:stone_brick_stairs":2,"cobblemon:wepear_berry":31,"minecraft:string":12,"minecraft:raw_copper":211,"minecraft:iron_leggings":11,"minecraft:gold_nugget":1,"minecraft:cobbled_deepslate":44,"cobblemon:oran_berry":318,"minecraft:wooden_shovel":1,"minecraft:iron_pickaxe":5,"cobblemon:big_root":6,"cobblemon:quick_ball":7,"minecraft:furnace":5,"minecraft:iron_boots":13,"cobblemon:apricorn_log":5,"minecraft:stick":28,"minecraft:torch":171,"minecraft:acacia_log":6,"minecraft:porkchop":16,"minecraft:diorite":1,"minecraft:rabbit_foot":1,"minecraft:cactus":6,"minecraft:rotten_flesh":65,"minecraft:tropical_fish":1,"minecraft:white_terracotta":2,"minecraft:cobblestone":177,"minecraft:cooked_beef":92,"minecraft:feather":9,"minecraft:water_bucket":2,"minecraft:andesite":12,"minecraft:brown_wool":2,"cobblemon:pinap_berry":56,"cobblemon:roseate_ball":8,"megamons:mega_cuff":2,"minecraft:tuff":1,"minecraft:lapis_lazuli":18,"minecraft:dirt":71,"minecraft:leather_boots":2,"minecraft:bone":16,"minecraft:orange_tulip":4,"minecraft:bow":6,"minecraft:wheat_seeds":18,"cobblemon:black_apricorn":2,"minecraft:raw_gold":8,"minecraft:glowstone_dust":86,"minecraft:rabbit":10,"minecraft:bamboo":12,"minecraft:stone_hoe":1,"minecraft:oak_planks":218,"cobblemon:sun_stone":2,"minecraft:cooked_porkchop":4,"minecraft:sand":51,"rotted:flusk_viscera":1,"cobblemon:persim_berry":6,"minecraft:ink_sac":8,"minecraft:sugar":5,"minecraft:diamond":3,"cobblemon:poke_ball":479,"waystones:waystone":6,"minecraft:granite":41,"cobblemon:rindo_berry":12,"minecraft:bread":358,"minecraft:emerald":2,"cobblemon:medicinal_leek":13,"minecraft:oak_sapling":4,"minecraft:netherrack":16,"minecraft:diamond_pickaxe":2,"minecraft:crafting_table":12,"minecraft:chicken":10,"minecraft:clay_ball":2,"cobblemon:yellow_apricorn":7,"minecraft:wooden_pickaxe":3,"minecraft:pink_wool":1,"minecraft:stone_brick_wall":3,"minecraft:shield":12,"minecraft:iron_axe":10,"cobblemon:white_apricorn":41,"minecraft:cracked_stone_bricks":7,"cobblemon:green_apricorn":9,"minecraft:beef":13,"cobblemon:relic_coin":7,"minecraft:oak_boat":5,"minecraft:poppy":8,"minecraft:sugar_cane":4,"cobblemon:green_apricorn_seed":3,"minecraft:egg":7,"minecraft:raw_iron":170,"minecraft:copper_ingot":22,"minecraft:bowl":76,"cobblemon:park_ball":26,"minecraft:carrot":22,"minecraft:redstone":7,"cobblemon:berry_juice":220,"cobblemon:dawn_stone":2,"minecraft:arrow":81,"minecraft:beetroot_seeds":1,"minecraft:hay_block":58,"minecraft:mutton":28,"minecraft:white_wool":38,"minecraft:rail":8,"minecraft:air":0,"minecraft:salmon":4,"minecraft:leather":12,"cobblemon:slate_ball":8,"minecraft:oak_log":98,"minecraft:yellow_bed":2,"minecraft:gunpowder":17,"minecraft:cobblestone_stairs":2,"minecraft:white_banner":14,"cobblemon:pink_apricorn_seed":8,"minecraft:cooked_mutton":29,"minecraft:stone_bricks":4,"minecraft:kelp":11,"minecraft:rabbit_hide":11,"minecraft:iron_ingot":117,"minecraft:stone_pickaxe":5,"minecraft:glass_bottle":4,"minecraft:iron_sword":14,"cobblemon:red_apricorn_seed":6,"minecraft:oak_slab":2,"cobblemon:payapa_berry":3,"cobblemon:black_apricorn_seed":2,"minecraft:dandelion":5,"minecraft:gravel":1,"cobblemon:cheri_berry":38,"cobblemon:yellow_apricorn_seed":2,"minecraft:spruce_sapling":5,"cobblemon:pink_apricorn":83,"minecraft:white_bed":7,"minecraft:stone_axe":1,"minecraft:chainmail_leggings":1,"minecraft:iron_helmet":14,"minecraft:black_wool":1,"minecraft:coal":93},"minecraft:custom":{"minecraft:interact_with_crafting_table":80,"minecraft:leave_game":4,"minecraft:time_since_death":44639,"minecraft:sprint_one_cm":1276083,"minecraft:damage_blocked_by_shield":2595,"minecraft:drop":122,"minecraft:talked_to_villager":4,"minecraft:play_time":612623,"minecraft:deaths":23,"minecraft:jump":7604,"minecraft:walk_on_water_one_cm":75789,"minecraft:interact_with_furnace":62,"minecraft:sleep_in_bed":20,"minecraft:waystone_activated":9,"minecraft:damage_dealt":14964,"minecraft:player_kills":1,"minecraft:crouch_one_cm":16506,"minecraft:mob_kills":75,"minecraft:climb_one_cm":2802,"minecraft:walk_one_cm":849900,"minecraft:raid_win":1,"minecraft:sneak_time":10369,"minecraft:walk_under_water_one_cm":147010,"minecraft:boat_one_cm":765541,"minecraft:total_world_time":612623,"minecraft:time_since_rest":17043,"minecraft:damage_taken":11726,"minecraft:swim_one_cm":217884,"minecraft:fly_one_cm":1397588,"minecraft:open_chest":42,"minecraft:fall_one_cm":222905},"minecraft:dropped":{"minecraft:iron_sword":1,"minecraft:oak_log":22,"cobblemon:sun_stone":2,"minecraft:leather":4,"minecraft:emerald":1,"minecraft:dirt":14,"cobblemon:dawn_stone":1,"minecraft:mutton":5,"minecraft:sand":51,"minecraft:sugar":1,"minecraft:iron_pickaxe":2,"minecraft:gravel":1,"minecraft:stone_axe":1,"minecraft:sugar_cane":2,"minecraft:cobbled_deepslate":4,"minecraft:wheat":1,"minecraft:rotten_flesh":11,"minecraft:oak_planks":31,"minecraft:glowstone_dust":86,"minecraft:white_bed":1,"minecraft:rabbit_foot":1,"minecraft:rabbit_hide":2,"minecraft:stone_brick_wall":1,"minecraft:leather_boots":2,"minecraft:arrow":2,"minecraft:beef":9,"minecraft:stone_hoe":1,"minecraft:iron_ingot":11,"minecraft:bread":12,"minecraft:wheat_seeds":16,"minecraft:feather":1,"minecraft:iron_helmet":1,"minecraft:copper_ingot":2,"cobblemon:pink_apricorn":6,"minecraft:ink_sac":8,"minecraft:torch":44,"minecraft:red_dye":6,"minecraft:cactus":3,"minecraft:chainmail_leggings":1,"minecraft:string":6,"minecraft:dandelion":1,"minecraft:bowl":3,"minecraft:raw_iron":49,"minecraft:clay_ball":2,"megamons:mega_cuff":2,"minecraft:hay_block":46,"minecraft:stone":2,"minecraft:diamond_pickaxe":1,"minecraft:andesite":2,"minecraft:wooden_shovel":1,"minecraft:bow":1,"minecraft:stone_pickaxe":3,"minecraft:wooden_pickaxe":2,"waystones:waystone":1,"minecraft:black_wool":1}},"DataVersion":3465}