{"stats":{"minecraft:killed":{"minecraft:witch":3,"rotted:doctor":1,"rotted:miner":2,"minecraft:skeleton":9,"minecraft:tropical_fish":1,"minecraft:pig":5,"rotted:shielder":1,"minecraft:zombie_villager":1,"minecraft:salmon":4,"rotted:flusk":1,"minecraft:iron_golem":1,"minecraft:creeper":4,"minecraft:sheep":7,"minecraft:pillager":12,"minecraft:zombie":21,"minecraft:vindicator":4,"rotted:adventurer":7,"minecraft:drowned":2,"cobblemon:pokemon":1,"rotted:farmer":2,"minecraft:ravager":1},"minecraft:used":{"minecraft:ladder":3,"minecraft:chest":6,"minecraft:shield":45,"minecraft:iron_sword":220,"minecraft:rotten_flesh":32,"minecraft:iron_chestplate":3,"minecraft:mutton":12,"minecraft:carrot":2,"minecraft:tuff":5,"minecraft:iron_helmet":4,"minecraft:pink_wool":1,"minecraft:hay_block":1,"minecraft:oak_sapling":5,"minecraft:furnace":5,"minecraft:egg":6,"minecraft:diorite":1,"minecraft:oak_planks":40,"minecraft:stone_pickaxe":212,"minecraft:wooden_pickaxe":38,"minecraft:white_wool":12,"minecraft:mushroom_stew":4,"megamons:anistarite_geode_block":1,"waystones:waystone":1,"rotted:rotten_brain":3,"minecraft:bread":83,"minecraft:brown_wool":2,"minecraft:golden_helmet":2,"cobblemon:red_apricorn_seed":4,"cobblemon:medicinal_leek":4,"minecraft:andesite":6,"minecraft:oak_boat":8,"minecraft:bone_meal":3,"minecraft:stone_sword":52,"minecraft:tropical_fish":1,"minecraft:wooden_shovel":24,"minecraft:netherrack":7,"minecraft:oak_door":3,"minecraft:torch":193,"minecraft:dirt":53,"minecraft:granite":24,"minecraft:wooden_axe":101,"minecraft:iron_axe":118,"cobblemon:pink_apricorn_seed":8,"minecraft:iron_boots":5,"minecraft:diamond_chestplate":1,"minecraft:beef":2,"minecraft:cooked_beef":21,"minecraft:cobbled_deepslate":74,"minecraft:acacia_planks":1,"minecraft:iron_leggings":4,"minecraft:cooked_mutton":13,"minecraft:water_bucket":8,"minecraft:rabbit":3,"minecraft:birch_planks":22,"minecraft:cracked_stone_bricks":1,"minecraft:salmon":4,"minecraft:rail":23,"minecraft:oak_slab":14,"minecraft:crafting_table":24,"minecraft:white_bed":6,"cobblemon:healing_machine":1,"minecraft:oak_log":2,"minecraft:diamond_pickaxe":646,"minecraft:apple":1,"minecraft:chicken":4,"minecraft:iron_pickaxe":170,"travelersbackpack:white_sleeping_bag":3,"minecraft:stone_axe":46,"minecraft:cobblestone":110,"minecraft:porkchop":5,"minecraft:white_banner":4,"minecraft:cooked_porkchop":4,"minecraft:bucket":10,"minecraft:yellow_bed":4,"minecraft:kelp":8,"minecraft:dandelion":1},"minecraft:picked_up":{"minecraft:wooden_axe":2,"minecraft:iron_chestplate":3,"cobblemon:leaf_stone":2,"minecraft:wheat":1,"cobblemon:red_apricorn":98,"cobblemon:charti_berry":5,"minecraft:stone_brick_stairs":3,"minecraft:amethyst_block":10,"cobblemon:wepear_berry":31,"minecraft:string":12,"minecraft:raw_copper":251,"minecraft:iron_leggings":11,"minecraft:gold_nugget":2,"minecraft:cobbled_deepslate":771,"minecraft:red_dye":3,"cobblemon:oran_berry":318,"minecraft:calcite":10,"minecraft:wooden_shovel":1,"minecraft:iron_pickaxe":5,"cobblemon:big_root":6,"cobblemon:quick_ball":57,"minecraft:melon_slice":8,"minecraft:furnace":5,"minecraft:iron_boots":13,"minecraft:golden_helmet":2,"minecraft:stick":47,"cobblemon:apricorn_log":5,"minecraft:torch":286,"minecraft:acacia_log":6,"minecraft:porkchop":16,"minecraft:diorite":3,"minecraft:rabbit_foot":1,"minecraft:stone_sword":5,"minecraft:cactus":6,"minecraft:rotten_flesh":143,"minecraft:tropical_fish":1,"minecraft:white_terracotta":2,"cobblemon:green_mint_seeds":2,"minecraft:cobblestone":435,"minecraft:birch_log":17,"minecraft:cooked_beef":354,"minecraft:feather":9,"minecraft:water_bucket":2,"minecraft:andesite":25,"minecraft:brown_wool":2,"cobblemon:pinap_berry":168,"cobblemon:roseate_ball":216,"megamons:mega_cuff":2,"minecraft:tuff":80,"minecraft:lapis_lazuli":34,"megamons:anistarite_geode_block":57,"minecraft:dirt":119,"minecraft:name_tag":5,"minecraft:leather_boots":2,"minecraft:bone":27,"minecraft:acacia_planks":12,"minecraft:wheat_seeds":24,"minecraft:bow":6,"minecraft:orange_tulip":4,"cobblemon:black_apricorn":2,"minecraft:raw_gold":14,"cobblemon:thunder_stone":3,"minecraft:glowstone_dust":86,"minecraft:rabbit":10,"minecraft:bamboo":12,"cobblemon:moon_stone":1,"minecraft:stone_hoe":1,"minecraft:oak_planks":232,"cobblemon:sun_stone":2,"minecraft:cooked_porkchop":4,"minecraft:poisonous_potato":3,"minecraft:sand":55,"rotted:flusk_viscera":1,"cobblemon:persim_berry":6,"minecraft:ink_sac":8,"megamons:anistarite_rough_geode_block":8,"travelersbackpack:white_sleeping_bag":4,"cobblemon:healing_machine":1,"minecraft:sugar":5,"minecraft:diamond":33,"cobblemon:poke_ball":642,"waystones:waystone":6,"minecraft:granite":101,"cobblemon:rindo_berry":12,"minecraft:emerald":2,"minecraft:bread":358,"cobblemon:medicinal_leek":21,"minecraft:oak_sapling":5,"minecraft:netherrack":16,"rotted:rotten_brain":10,"minecraft:diamond_pickaxe":5,"cobblemon:green_mint_leaf":3,"minecraft:crafting_table":12,"minecraft:chicken":11,"minecraft:ladder":3,"minecraft:clay_ball":2,"cobblemon:yellow_apricorn":11,"minecraft:wooden_pickaxe":7,"minecraft:pink_wool":1,"minecraft:stone_brick_wall":3,"minecraft:shield":12,"minecraft:iron_axe":10,"cobblemon:white_apricorn":41,"minecraft:cracked_stone_bricks":7,"cobblemon:green_apricorn":9,"minecraft:beef":13,"minecraft:oak_boat":6,"cobblemon:relic_coin":52,"minecraft:iron_nugget":4,"minecraft:poppy":8,"minecraft:sugar_cane":4,"minecraft:chest":1,"cobblemon:green_apricorn_seed":3,"minecraft:egg":7,"minecraft:raw_iron":184,"cobblemon:love_ball":30,"minecraft:copper_ingot":22,"minecraft:bowl":95,"cobblemon:park_ball":26,"minecraft:carrot":22,"minecraft:redstone":25,"cobblemon:berry_juice":315,"cobblemon:dawn_stone":2,"minecraft:arrow":86,"minecraft:diamond_chestplate":1,"minecraft:beetroot_seeds":1,"minecraft:hay_block":58,"minecraft:mutton":33,"cobblemon:blue_apricorn":10,"minecraft:rail":8,"minecraft:white_wool":116,"minecraft:air":0,"minecraft:salmon":4,"minecraft:leather":12,"minecraft:mushroom_stew":4,"cobblemon:slate_ball":8,"minecraft:oak_log":118,"minecraft:yellow_bed":4,"minecraft:gunpowder":17,"minecraft:cobblestone_stairs":2,"minecraft:white_banner":14,"cobblemon:pink_apricorn_seed":8,"cobblemon:heal_ball":2,"minecraft:cooked_mutton":133,"minecraft:apple":5,"minecraft:stone_bricks":4,"minecraft:kelp":11,"minecraft:rabbit_hide":11,"minecraft:iron_ingot":117,"minecraft:stone_pickaxe":11,"minecraft:glass_bottle":4,"minecraft:iron_sword":15,"cobblemon:red_apricorn_seed":6,"minecraft:oak_slab":2,"minecraft:smooth_basalt":4,"cobblemon:payapa_berry":3,"cobblemon:black_apricorn_seed":2,"minecraft:dandelion":5,"minecraft:gravel":13,"cobblemon:cheri_berry":38,"cobblemon:yellow_apricorn_seed":2,"minecraft:amethyst_shard":16,"minecraft:spruce_sapling":5,"cobblemon:pink_apricorn":83,"minecraft:white_bed":8,"minecraft:stone_axe":5,"minecraft:chainmail_leggings":1,"minecraft:iron_helmet":14,"minecraft:black_wool":1,"minecraft:coal":102,"minecraft:ender_pearl":2},"minecraft:crafted":{"minecraft:oak_planks":296,"cobblemon:apricorn_planks":20,"minecraft:stone":2,"minecraft:cooked_mutton":5,"minecraft:iron_boots":2,"minecraft:chest":5,"minecraft:oak_slab":12,"minecraft:wooden_shovel":1,"minecraft:cooked_porkchop":4,"minecraft:crafting_table":16,"minecraft:iron_helmet":2,"minecraft:wooden_pickaxe":3,"minecraft:copper_ingot":61,"minecraft:birch_planks":68,"cobblemon:poke_ball":44,"minecraft:iron_chestplate":2,"minecraft:shield":3,"minecraft:stick":52,"minecraft:iron_ingot":56,"minecraft:iron_pickaxe":1,"cobblemon:berry_juice":64,"minecraft:stone_sword":2,"minecraft:oak_door":3,"minecraft:furnace":2,"minecraft:bone_meal":3,"travelersbackpack:white_sleeping_bag":2,"minecraft:iron_axe":2,"minecraft:stone_pickaxe":2,"cobblemon:citrine_ball":4,"minecraft:wheat":99,"minecraft:cooked_beef":9,"minecraft:red_dye":6,"minecraft:iron_sword":2,"minecraft:bowl":20,"minecraft:bucket":1,"cobblemon:roseate_ball":4,"minecraft:stone_axe":2,"minecraft:bread":33,"minecraft:air":0,"minecraft:oak_boat":3,"minecraft:wooden_axe":4,"minecraft:iron_leggings":2,"minecraft:acacia_planks":24,"minecraft:torch":108,"minecraft:diamond_chestplate":1},"minecraft:mined":{"minecraft:white_bed":5,"minecraft:cobblestone_stairs":1,"cobblemon:apricorn_log":5,"cobblemon:big_root":1,"minecraft:granite":35,"minecraft:acacia_log":6,"minecraft:grass_block":15,"minecraft:stone_brick_wall":1,"cobblemon:rindo_berry":1,"minecraft:deepslate_bricks":1,"minecraft:tall_seagrass":10,"minecraft:glowstone":13,"minecraft:iron_ore":31,"minecraft:cobbled_deepslate":11,"cobblemon:medicinal_leek":12,"minecraft:dirt_path":8,"minecraft:deepslate_redstone_ore":4,"megamons:anistarite_geode_block":32,"minecraft:kelp_plant":1,"minecraft:medium_amethyst_bud":1,"minecraft:amethyst_cluster":2,"minecraft:powder_snow":1,"minecraft:torch":8,"cobblemon:apricorn_leaves":1,"minecraft:calcite":5,"minecraft:poppy":5,"minecraft:cobblestone":34,"megamons:crystal_moon_stone_ore":1,"minecraft:oak_planks":50,"minecraft:wall_torch":9,"minecraft:amethyst_block":5,"minecraft:seagrass":9,"cobblemon:green_mint":2,"minecraft:birch_log":18,"minecraft:wheat":2,"minecraft:stone_brick_stairs":1,"minecraft:grass":114,"minecraft:oak_log":101,"minecraft:beetroots":1,"minecraft:sand":53,"minecraft:dirt":34,"minecraft:smooth_basalt":2,"minecraft:oak_leaves":22,"minecraft:deepslate":444,"minecraft:tuff":43,"minecraft:deepslate_diamond_ore":17,"travelersbackpack:white_sleeping_bag":3,"minecraft:spruce_leaves":1,"minecraft:kelp":5,"minecraft:hay_block":12,"minecraft:furnace":2,"minecraft:carrots":5,"minecraft:andesite":13,"minecraft:black_concrete":6,"minecraft:deepslate_iron_ore":47,"minecraft:rail":7,"minecraft:stone":197,"megamons:crystal_thunder_stone_ore":1,"megamons:anistarite_rough_geode_block":8,"minecraft:acacia_leaves":3,"minecraft:glass_pane":1,"minecraft:dandelion":2,"minecraft:crafting_table":6,"minecraft:tall_grass":19,"minecraft:copper_ore":42,"minecraft:deepslate_coal_ore":4,"minecraft:deepslate_gold_ore":11,"minecraft:cracked_deepslate_bricks":1,"minecraft:diorite":4,"minecraft:cactus":1,"minecraft:birch_leaves":4,"minecraft:yellow_bed":2,"minecraft:coal_ore":14,"minecraft:sunflower":1,"minecraft:gravel":4,"minecraft:cracked_stone_bricks":4,"minecraft:stone_bricks":2,"minecraft:gold_ore":4,"cobblemon:pink_apricorn_sapling":2,"minecraft:fern":4},"minecraft:custom":{"minecraft:interact_with_crafting_table":91,"minecraft:open_barrel":2,"minecraft:leave_game":5,"minecraft:time_since_death":21237,"minecraft:sprint_one_cm":1579370,"minecraft:damage_blocked_by_shield":2595,"minecraft:drop":191,"minecraft:talked_to_villager":4,"minecraft:play_time":760549,"minecraft:deaths":32,"minecraft:jump":9486,"minecraft:walk_on_water_one_cm":148766,"minecraft:interact_with_furnace":62,"minecraft:sleep_in_bed":25,"minecraft:waystone_activated":12,"minecraft:damage_dealt":18967,"minecraft:player_kills":1,"minecraft:crouch_one_cm":25692,"minecraft:mob_kills":93,"minecraft:climb_one_cm":4889,"minecraft:walk_one_cm":1474196,"minecraft:raid_win":1,"minecraft:sneak_time":15250,"minecraft:walk_under_water_one_cm":182589,"minecraft:boat_one_cm":1056239,"minecraft:interact_with_blast_furnace":2,"minecraft:total_world_time":760549,"minecraft:time_since_rest":21092,"minecraft:damage_taken":15698,"minecraft:swim_one_cm":266187,"minecraft:fly_one_cm":1632502,"minecraft:open_chest":77,"minecraft:fall_one_cm":267021},"minecraft:broken":{"minecraft:iron_leggings":1,"minecraft:wooden_axe":1},"minecraft:dropped":{"minecraft:iron_sword":1,"minecraft:birch_planks":22,"minecraft:oak_log":37,"minecraft:cooked_beef":45,"cobblemon:berry_juice":19,"cobblemon:blue_apricorn":2,"cobblemon:sun_stone":2,"cobblemon:thunder_stone":1,"minecraft:leather":4,"cobblemon:moon_stone":1,"minecraft:emerald":1,"minecraft:dirt":15,"cobblemon:dawn_stone":1,"minecraft:mutton":5,"minecraft:gold_nugget":1,"rotted:rotten_brain":1,"minecraft:sand":51,"minecraft:sugar":1,"minecraft:iron_pickaxe":2,"minecraft:gravel":1,"minecraft:stone_axe":1,"minecraft:sugar_cane":2,"minecraft:iron_nugget":4,"minecraft:cobbled_deepslate":4,"minecraft:wheat":1,"minecraft:rotten_flesh":28,"minecraft:oak_planks":31,"minecraft:glowstone_dust":86,"minecraft:cooked_mutton":12,"minecraft:white_bed":1,"minecraft:rabbit_foot":1,"minecraft:rabbit_hide":2,"minecraft:stone_brick_wall":1,"minecraft:leather_boots":2,"minecraft:arrow":4,"minecraft:beef":9,"minecraft:stone_brick_stairs":1,"minecraft:stone_hoe":1,"minecraft:iron_ingot":11,"minecraft:bread":12,"minecraft:wheat_seeds":21,"minecraft:poisonous_potato":2,"minecraft:feather":1,"minecraft:iron_helmet":1,"minecraft:copper_ingot":2,"cobblemon:pink_apricorn":6,"minecraft:diorite":2,"minecraft:ink_sac":8,"minecraft:torch":51,"minecraft:melon_slice":4,"minecraft:red_dye":9,"minecraft:cactus":3,"minecraft:chainmail_leggings":1,"cobblemon:leaf_stone":1,"minecraft:string":6,"minecraft:dandelion":1,"minecraft:raw_copper":38,"minecraft:bowl":3,"minecraft:raw_iron":49,"minecraft:chicken":1,"cobblemon:yellow_apricorn":1,"minecraft:clay_ball":2,"minecraft:name_tag":1,"megamons:mega_cuff":2,"cobblemon:green_mint_seeds":2,"minecraft:hay_block":46,"minecraft:stone":2,"minecraft:diamond_pickaxe":2,"minecraft:andesite":8,"minecraft:wooden_shovel":1,"minecraft:bow":1,"minecraft:stone_pickaxe":3,"minecraft:wooden_pickaxe":3,"waystones:waystone":1,"minecraft:black_wool":1},"minecraft:killed_by":{"minecraft:creeper":3,"rotted:flusk":2,"rotted:adventurer":4,"minecraft:vindicator":5,"minecraft:zombie":2,"minecraft:player":2,"rotted:shielder":1,"minecraft:skeleton":3,"rotted:miner":2}},"DataVersion":3465}