{
  "uuid": "3c5e854c-27d7-3fff-8f95-89cc8f5470ca",
  "starterPrompted": true,
  "starterLocked": false,
  "starterSelected": true,
  "starterUUID": "10bb355d-7274-4d9a-80cc-8632b7a4c515",
  "keyItems": [],
  "battleTheme": "cobblemon:battle.pvp.default",
  "extraData": {},
  "advancementData": {
    "totalCaptureCount": 44,
    "totalEggsHatched": 0,
    "totalEvolvedCount": 2,
    "totalBattleVictoryCount": 117,
    "totalPvPBattleVictoryCount": 4,
    "totalPvWBattleVictoryCount": 113,
    "totalPvNBattleVictoryCount": 0,
    "totalShinyCaptureCount": 0,
    "totalTradedCount": 0,
    "totalTypeCaptureCounts": {
      "grass": 6,
      "normal": 18,
      "flying": 2,
      "fire": 4,
      "fairy": 5,
      "psychic": 2,
      "fighting": 2,
      "dark": 3,
      "water": 1,
      "poison": 1,
      "electric": 3,
      "rock": 1,
      "ground": 4,
      "steel": 1
    },
    "totalDefeatedCounts": {
      "cobblemon:rattata": 4,
      "cobblemon:patrat": 5,
      "cobblemon:zigzagoon": 5,
      "cobblemon:linoone": 1,
      "cobblemon:combee": 3,
      "cobblemon:mareep": 3,
      "cobblemon:cottonee": 1,
      "cobblemon:timburr": 1,
      "cobblemon:butterfree": 1,
      "cobblemon:lilligant": 1,
      "cobblemon:lickitung": 1,
      "cobblemon:rookidee": 1,
      "cobblemon:bidoof": 1,
      "cobblemon:sentret": 1,
      "cobblemon:fletchling": 1,
      "cobblemon:diggersby": 1,
      "cobblemon:snorunt": 1,
      "cobblemon:gastly": 1,
      "cobblemon:drifblim": 1,
      "cobblemon:igglybuff": 1,
      "cobblemon:bouffalant": 2,
      "cobblemon:voltorb": 1,
      "cobblemon:wooloo": 1,
      "cobblemon:stonjourner": 1,
      "cobblemon:fidough": 2,
      "cobblemon:tranquill": 1,
      "cobblemon:koffing": 2,
      "cobblemon:bunnelby": 1,
      "cobblemon:miltank": 2,
      "cobblemon:lillipup": 1,
      "cobblemon:fomantis": 2,
      "cobblemon:cutiefly": 1,
      "cobblemon:lechonk": 1,
      "cobblemon:magikarp": 1,
      "cobblemon:aipom": 1,
      "cobblemon:cacnea": 1,
      "cobblemon:luxio": 1,
      "cobblemon:nickit": 1,
      "cobblemon:meowth": 1,
      "cobblemon:oinkologne": 1,
      "cobblemon:arbok": 1,
      "cobblemon:flaaffy": 1,
      "cobblemon:persian": 1,
      "cobblemon:pidove": 1,
      "cobblemon:caterpie": 1,
      "cobblemon:eevee": 1,
      "cobblemon:phanpy": 1,
      "cobblemon:mudbray": 1,
      "cobblemon:spearow": 1,
      "cobblemon:squawkabilly": 1
    },
    "aspectsCollected": {}
  }
}